"t","icu","deaths","cases_imported","cases_community","cases_dorms","infns_dorms","cumcases_imported","cumcases_community","cumcases_dorms","logcumcases_imported","logcumcases_community","logcumcases_dorms","cuminfns_dorms","logcuminfns_dorms"
19,0.00281260380555715,0,2.40331517078518,2.07255333999326,23.4251760654207,0,0,2,0,-0.301029995663981,0.301029995663981,-0.301029995663981,0,-0.301029995663981
20,0.0549854667163436,0,1.77972162843405,2.11414628455962,17.7308891937806,0,0,3,0,-0.301029995663981,0.477121254719662,-0.301029995663981,0,-0.301029995663981
21,0.107435999146182,0,1.1634168412199,2.15646753399156,12.0952942347711,1.63663804005932e-05,1,5,0,0,0.698970004336019,-0.301029995663981,1.63663804005932e-05,-0.301029995663981
22,0.160597473925448,0,0.565462297177305,2.20060890295305,6.60775670964625,2.71214303767516e-05,1,7,0,0,0.845098040014257,-0.301029995663981,4.34878107773447e-05,-0.301029995663981
23,0.215051867039247,0,0.00017853542976809,2.24796028013801,1.38450842562423,3.62896394566122e-05,2,9,0,0.301029995663981,0.954242509439325,-0.301029995663981,7.9777450233957e-05,-0.301029995663981
24,0.271483241780154,0,0,2.30004286314591,0,4.57954648224876e-05,2,12,0,0.301029995663981,1.07918124604762,-0.301029995663981,0.000125572915056445,-0.301029995663981
25,0.33063249298879,0,0,2.35835220416062,0,5.66998811531292e-05,2,15,0,0.301029995663981,1.17609125905568,-0.301029995663981,0.000182272796209574,-0.301029995663981
26,0.393253776684523,0.00140715174755745,0,2.42421433505317,0,6.97434336286984e-05,3,17,0,0.477121254719662,1.23044892137827,-0.301029995663981,0.000252016229838272,-0.301029995663981
27,0.460073020195105,0.00308989138461525,0,2.49865840917211,0,8.55922743798789e-05,3,21,0,0.477121254719662,1.32221929473392,-0.301029995663981,0.000337608504218151,-0.301029995663981
28,0.531748970842856,0.00489493819116718,0,2.58230922397396,0,0.000104958716900617,3,24,0,0.477121254719662,1.38021124171161,-0.301029995663981,0.000442567221118768,-0.301029995663981
29,0.608837294634877,0.00683184118800064,0,2.67530269544103,0,0.00012867090933998,4,27,0,0.602059991327962,1.43136376415899,-0.301029995663981,0.000571238130458748,-0.301029995663981
30,0.69175827900795,0.00890581161614252,0,2.77722686769079,0,0.000157706558868918,4,29,0,0.602059991327962,1.46239799789896,-0.301029995663981,0.000728962675113323,-0.301029995663981
31,0.780768722255923,0.0111174788152845,0,2.88709038981697,0,0.000193274736087591,5,31,0,0.698970004336019,1.49136169383427,-0.301029995663981,0.00092229438402435,-0.301029995663981
32,0.875938604244019,0.0134629293504622,0,3.00331960970135,0,0.000236861823651339,5,36,0,0.698970004336019,1.55630250076729,-0.301029995663981,0.00115926886992744,-0.301029995663981
33,0.977133126038606,0.015934018020504,0,3.12378455770146,0,0.000290236920948662,5,39,0,0.698970004336019,1.5910646070265,-0.301029995663981,0.00144964532890826,-0.301029995663981
34,1.08400067733827,0.0185189266006173,0,3.24585315951721,0,0.000355656128275774,6,46,0,0.778151250383644,1.66275783168157,-0.301029995663981,0.00180538360234389,-0.301029995663981
35,1.19596723837139,0.0212029343039208,0,3.36647206605692,0,0.000435901248689156,6,49,0,0.778151250383644,1.69019608002851,-0.301029995663981,0.00224134475174245,-0.301029995663981
36,1.31223764592865,0.0239693536673866,0.261409422825849,3.48227155712155,0,0.000534249981536229,6,53,0,0.778151250383644,1.72427586960079,-0.301029995663981,0.00277559878730157,-0.301029995663981
37,1.43180405055832,0.0268005774604988,0.73854740889999,3.58969110215858,1.98856205608911,0.000654759768857193,7,55,0,0.845098040014257,1.74036268949424,-0.301029995663981,0.00342977259791174,-0.301029995663981
38,1.55346176467926,0.0296791767526555,1.19005200478485,3.685121380389,6.04175510309068,0.000802415040591692,7,60,0,0.845098040014257,1.77815125038364,-0.301029995663981,0.00423186372033808,-0.301029995663981
39,1.67583255047952,0.0325889877917807,1.59119964231893,3.76505790458073,9.86407660279269,0.000983368133229221,7,65,0,0.845098040014257,1.81291335664286,-0.301029995663981,0.00521546229247671,-0.301029995663981
40,1.79739522471091,0.0355161260163778,1.91912295995476,3.82626088489056,13.2731586498724,0.0012051280608302,8,68,0,0.903089986991944,1.83250891270624,-0.301029995663981,0.00642097005485283,-0.301029995663981
41,1.91652326911075,0.0384498693714373,2.15394759752282,3.8659156325117,16.1046976625963,0.00147689719747943,8,71,0,0.903089986991944,1.85125834871908,-0.301029995663981,0.00789818801353626,-0.301029995663981
42,2.03152893402244,0.0413833599624129,2.2798324491941,3.88178765248647,18.2198703526706,0.00180995314882557,8,75,0,0.903089986991944,1.8750612633917,-0.301029995663981,0.00970814116236184,-0.301029995663981
43,2.14071311580678,0.0443140826745736,2.28586644794552,3.87236661998175,19.5116993358029,0.00221811673901069,9,78,0,0.954242509439325,1.89209460269048,-0.301029995663981,0.0119262579013725,-0.301029995663981
44,2.24242008164861,0.0472440912382908,2.16678041805344,3.83699367639787,19.9100772614027,0.00271811060439338,9,84,0,0.954242509439325,1.92427928606188,-0.301029995663981,0.0146445834346014,-0.301029995663981
45,2.33509591583337,0.0501799657766281,1.92343971750159,3.77596691582143,19.3852153993239,0.00333091308669724,9,90,0,0.954242509439325,1.95424250943932,-0.301029995663981,0.0179759201300079,-0.301029995663981
46,2.41734937719292,0.0531325004529488,1.56309202216533,3.69062054724068,17.9493498092333,0.00408289131726863,10,93,0,1,1.96848294855394,-0.301029995663981,0.0220585084774259,-0.301029995663981
47,2.48801369570565,0.056116134718626,1.09935434144613,3.5833739953201,15.6566127895568,0.00500425388164044,10,97,0,1,1.98677173426624,-0.301029995663981,0.0270617636509348,-0.301029995663981
48,2.54620770449349,0.059148156081127,0.551933815275092,3.45774811869599,12.6010561565182,0.00613199791605316,11,99,0,1.04139268515823,1.99563519459755,-0.301029995663981,0.033193305725018,-0.301029995663981
49,2.59139460881,0.0622477155281458,0,3.31834675117089,8.91289278588323,0.00751426955121626,11,103,0,1.04139268515823,2.01283722470517,-0.301029995663981,0.0407007615336025,-0.301029995663981
50,2.62343664164146,0.0654347080427631,0,3.17080287462989,4.75310038337511,0.00920881661402912,11,105,0,1.04139268515823,2.02118929906994,-0.301029995663981,0.0499139908226569,-0.301029995663981
51,2.64264385157175,0.0687285794228933,0,3.02168987758899,0.306603399550909,0.0112837412474639,12,108.5,0,1.07918124604762,2.03542512671379,-0.301029995663981,0.061211294397933,-0.301029995663981
52,2.64981531558412,0.0721471263558557,0,2.87839950222802,0,0.0138270075746787,12,111,0,1.07918124604762,2.04532297878666,-0.301029995663981,0.0750436895877885,-0.301029995663981
53,2.64627116961291,0.0757053590438691,0,2.74898919748427,0,0.0169468282457318,12,113,0,1.07918124604762,2.05307844348342,-0.301029995663981,0.091981819800591,-0.301029995663981
54,2.63387400296247,0.0794144944250156,0,2.64200263906144,0,0.0207723873170674,13,115,0,1.11394335230684,2.06069784035361,-0.301029995663981,0.112753517757714,-0.301029995663981
55,2.61503836726861,0.0832811431540304,0,2.56626811356304,0,0.0254620249508575,13,118,0,1.11394335230684,2.07188200730613,-0.301029995663981,0.138209451163223,-0.301029995663981
56,2.5927274029539,0.08730674516146,0,2.53068026143015,0,0.0312104088136545,14,122,0,1.14612803567824,2.08635983067475,-0.301029995663981,0.169356354688671,-0.301029995663981
57,2.57043588070848,0.0914872971203787,0,2.54397130409377,0,0.0382565641845357,14,125,0,1.14612803567824,2.09691001300806,-0.301029995663981,0.207597360431626,-0.301029995663981
58,2.5521592850474,0.0958134010086085,0,2.61447832234221,0,0.0468773513906154,15,128,0,1.17609125905568,2.10720996964787,-0.301029995663981,0.254477692112427,-0.301029995663981
59,2.54234892288575,0.100270646803321,0,2.74991338886989,0,0.0574548066144385,15,132,0,1.17609125905568,2.12057393120585,-0.301029995663981,0.311957979272259,-0.301029995663981
60,2.54585341253446,0.104840324925967,0,2.9571433788233,0,0.0704189672082613,16,137,0,1.20411998265592,2.13672056715641,-0.301029995663981,0.382415179453845,-0.301029995663981
61,2.5678472863106,0.109500446205308,0.188972457350538,3.24198608499036,0,0.0863109803363087,17.5,141,0,1.24286071324079,2.14921911265538,-0.301029995663981,0.46877899212198,-0.301029995663981
62,2.61374781206322,0.114227029720719,1.61021614093954,3.60902885408677,0,0.105778285510772,19,146,0,1.27875360095283,2.16435285578444,-0.301029995663981,0.574482537481771,-0.301029995663981
63,2.68912149335458,0.118995602802443,3.2665434887656,4.06147534857064,0,0.129632967613546,21,151,0,1.32221929473392,2.17897694729317,-0.301029995663981,0.704119063361827,-0.301029995663981
64,2.79958203355652,0.123782843537844,5.13283137896068,4.60102524357489,0,0.15886727226257,24,156,0,1.38021124171161,2.19312459835446,-0.301029995663981,0.863025868619449,-0.301029995663981
65,2.95068183488169,0.128568285127293,7.17631684616996,5.22779071499755,0,0.194737324467289,29,160,0,1.46239799789896,2.20411998265592,-0.301029995663981,1.05778848196426,0.0243987556001934
66,3.14779933955713,0.133335993976983,9.35745233625627,5.94025249307971,2.51825025668649,0.238680143300323,34,166,1,1.53147891704226,2.22010808804005,0,1.2964983767787,0.112771944940949
67,3.3960246985608,0.138076130011308,11.6310090417965,6.73525708000879,7.8646257536731,0.292400874545708,42,173,1,1.6232492903979,2.2380461031288,0,1.58890786297947,0.201098713550458
68,3.70004636691444,0.142786298632087,13.9473910727255,7.60805549814768,13.0048988718116,0.358212709640284,51,178,1,1.70757017609794,2.25042000230889,0,1.94726036292937,0.28942396991067
69,4.06404126871461,0.147472609164356,16.254115318788,8.55238268731917,17.6945473663653,0.438807775590372,63,188,1,1.79934054945358,2.27415784926368,0,2.38672158282598,0.377801615586906
70,4.49157114717235,0.152150364409614,18.4974056590519,9.56057544537116,21.7018487713159,0.537586232761643,78,191,2,1.89209460269048,2.28103336724773,0.301029995663981,2.92564311982811,0.466221114937721
71,4.98548761484154,0.156844319775431,20.6238459039069,10.623725646225,24.818618402387,0.658927788978775,96,202,2,1.98227123303957,2.30535136944662,0.301029995663981,3.58466816805557,0.554448814389373
72,5.54784824882717,0.161588467860455,22.5820336722677,11.7318644113054,26.870329080808,0.807554954034163,117,212,2,2.06818586174616,2.32633586092875,0.301029995663981,4.39151139768557,0.642613969272497
73,6.17984583918009,0.166425324655704,24.3241773906406,12.8741719885901,27.7251972143888,0.989663367025084,141.5,227,3,2.15075372851922,2.35602585719312,0.477121254719662,5.37995229979685,0.730778423214329
74,6.88175260278846,0.171404715849262,25.8075807374199,14.0392073381817,27.3018550858646,1.21312855635691,169,236,4,2.22788670461367,2.37291200297011,0.602059991327962,6.58924557512127,0.818835693588457
75,7.65288082768728,0.176582085114539,26.9959630594639,15.2151508593755,25.5752797834436,1.48633637022612,199,248,5,2.29885307640971,2.39445168082622,0.698970004336019,8.07641677297371,0.907218717170815
76,8.49156102411502,0.182016369697424,27.8605703821196,16.3900533395196,22.5807131785598,1.82108490439628,231,261,6,2.36361197989214,2.41664050733828,0.778151250383644,9.89869361177137,0.995577867892072
77,9.39513824029142,0.187767511017365,28.3810393787264,17.5520840711555,18.4153822527554,2.23082745394986,265,273,7,2.42324587393681,2.43616264704076,0.845098040014257,12.1310706891858,1.08389911710069
78,10.3599867646113,0.193893688299398,28.5459857540789,18.689771174586,13.2379119553615,2.73161270003737,298,292,9,2.47421626407626,2.46538285144842,0.954242509439325,14.8686345550001,1.17227108243394
79,11.3815429950609,0.200448380469503,28.3532985741752,19.7922274747888,7.26541039722645,3.34480840576724,332,304,11,2.52113808370404,2.48287358360875,1.04139268515823,18.2219746344767,1.26059543374036
80,12.4543558235372,0.207477374784066,27.8101327521972,20.8493558031466,0.768295107481549,4.09910357517734,365,332,13,2.56229286445647,2.52113808370404,1.11394335230684,22.3258302436362,1.34880760825607
81,13.5721534703422,0.215015849189807,26.9326027677302,21.8520283079768,0,5.02412838361726,395,362,16,2.59659709562646,2.55870857053317,1.20411998265592,27.3510957300142,1.43697472673977
82,14.7279253237783,0.223085658682219,25.7451913404944,22.7922352385015,0,6.15680348749043,424,388,20,2.62736585659273,2.58883172559421,1.30102999566398,33.4957454128473,1.52498964505475
83,15.9140170024623,0.231692953615426,24.2798968005136,23.6631996848347,0,7.54243081457929,449,413,24,2.65224634100332,2.6159500516564,1.38021124171161,41.0126408850395,1.61291773521609
84,17.1222365724656,0.240826249925798,22.5751519226257,24.4594558768731,0,9.23959336046919,472,447,30,2.67394199863409,2.65030752313194,1.47712125471966,50.2414483502517,1.70106215066257
85,18.3439696251849,0.250455057725411,20.6745546947026,25.1768898297912,0,11.311579735437,491.5,474,37,2.69152329744516,2.67577834167409,1.56820172406699,61.5814447178264,1.78944987335607
86,19.5703007602012,0.260529156100179,18.6254575918397,25.8127423329042,0,13.862693284113,507,495,45,2.70500795933334,2.69460519893357,1.65321251377534,75.479817807573,1.87783084317671
87,20.7921389233752,0.270978578852191,16.4774662243806,26.3655754714068,0,16.9876709023567,520,532,55,2.7160033436348,2.72591163229505,1.74036268949424,92.4653593447292,1.96597899624977
88,22.0003440251231,0.281714349211269,14.2809005787212,26.8352050067155,0,20.812123901853,531,565,68,2.72509452108147,2.75204844781944,1.83250891270624,113.27360049667,2.05412845304503
89,23.1858523058548,0.292629972233802,12.0852724170794,27.2226019831574,0,25.5171499047037,539,589.5,83,2.73158876518674,2.77048365321462,1.91907809237607,138.709933769047,2.14210723979305
90,24.3397980216847,0.303603662884987,9.93783076421526,27.5297678421079,0,31.2715972712222,545,619,102,2.73639650227664,2.79169064902012,2.00860017176192,169.939795782145,2.23029506465349
91,25.4536291884395,0.31450125692428,7.88222388013377,27.75958807957,0,38.3476865854255,550,643,125,2.74036268949424,2.80821097292422,2.09691001300806,208.145810485585,2.31836766060969
92,26.5192153387804,0.325179721988133,5.95732086490517,27.9156700556155,10.4896171722947,47.0121806472913,553,668,154,2.7427251313047,2.82477646247555,2.18752072083646,255.15258642963,2.4067999728634
93,27.5289455075451,0.33549115897411,4.19622929506809,28.0021709364968,27.6104718092512,57.6371065131416,556,691,188,2.74507479158206,2.8394780473742,2.27415784926368,312.71067581455,2.49514270482313
94,28.4758149549188,0.345287160193434,2.62553733500527,28.0236219119955,47.7770558666478,70.5695762713102,558,731,230,2.74663419893758,2.86391737695786,2.36172783601759,383.143987637982,2.58336201141941
95,29.3534994554557,0.35442337186191,1.26479992830728,27.9847547788129,70.8439767611718,86.5032220654317,559,758,283,2.74741180788642,2.87966920563205,2.45178643552429,469.748522600576,2.67186542288129
96,30.1564163132501,0.362764095258125,0.126279306379079,27.890336719838,96.5941202873709,106.002333745301,560,794,347,2.7481880270062,2.8998205024271,2.54032947479087,576.064234264533,2.76047090186332
97,30.8797715989417,0.370186753989794,0,27.7450186508184,124.744427713113,129.760779618038,561,813,425,2.74896286125616,2.91009054559407,2.62838893005031,706.014875715731,2.84881384643412
98,31.5195934331575,0.376586054718295,0,27.5532018689203,154.953706942901,158.982778062157,562,839.5,519.5,2.74973631556906,2.92402062344529,2.71558535074163,865.099452776493,2.93706603714236
99,32.0727514541102,0.381877675569471,0,27.318926946683,186.832193694862,194.610064744288,562,867,635,2.74973631556906,2.93801909747621,2.80277372529198,1059.51130625946,3.02510559530225
100,32.5369628962309,0.386001330187618,0,27.0457879000059,219.952519726618,238.086033018247,563,883,779,2.75050839485135,2.94596070357757,2.89153745767256,1298.07433632782,3.11329956375292
101,32.910785965241,0.388923075563288,0,26.7368736542705,253.861699757818,291.398405264498,563,903,955,2.75050839485135,2.95568775031351,2.98000337158375,1590.24829842275,3.20146493930729
102,33.1936014173734,0.39063675770312,0,26.3947377754428,288.093718427391,356.652136848213,563,920,1169,2.75050839485135,2.96378782734556,3.06781451116184,1947.07728465484,3.28938319015345
103,33.3855834328161,0.391164519975102,0,26.0213963617806,322.182284364873,436.389650254523,564,940.5,1430,2.75127910398334,2.97335873851348,3.15533603746506,2383.63566003508,3.37723986882605
104,33.4876610137355,0.390556333407535,0,25.6183529451671,355.673320535561,534.267748798473,564,976,1750,2.75127910398334,2.98944981766669,3.24303804868629,2915.66061895053,3.4647369706648
105,33.5014712346492,0.388888545014242,0,25.1866482666244,388.136778132926,652.571004820286,564,1008,2143,2.75127910398334,3.00346053210951,3.33102217104183,3566.60544579578,3.55225506834907
106,33.4293057285778,0.386261477924307,0,24.7269319029779,419.177394457197,797.058460868248,565,1030,2622,2.75204844781944,3.01283722470517,3.41863268735407,4364.58895727331,3.63994334936112
107,33.2740518084805,0.382796154198545,0,24.2395519620265,448.444061914932,973.588859208068,565,1051,3202,2.75204844781944,3.02160271602824,3.50542132758328,5338.90739154913,3.72745238767042
108,33.0391296033945,0.378630246215243,0,23.7246584576424,475.637533441525,1188.15393431303,566,1082.5,3788,2.75281643118827,3.03442785869794,3.57840997033124,6529.68016624969,3.81489190935791
109,32.7284265371025,0.373913393958776,0.378803097713963,23.1823155443054,500.516256828831,1447.81883354289,566,1113,4373,2.75281643118827,3.04649516433471,3.64077947734486,7975.08972014283,3.90173557759051
110,32.3462303988901,0.368802052124645,0.733831345362443,22.6126175459756,522.900203842012,1418.44324228477,566,1141.5,4954.5,2.75281643118827,3.05747587416402,3.69499983053556,9391.76550785792,3.97274724004109
111,31.8971621568588,0.363454051526446,1.02516478625916,22.0158036634253,542.672636653235,1471.79461360473,566,1163,5546.5,2.75281643118827,3.06557971472845,3.74401901556034,10860.5951934146,4.03585362654383
112,31.3861095499653,0.35802307293872,1.2426573986486,21.3923663864724,559.779830949342,1569.96900547194,567,1185,6128,2.75358305889291,3.07371835034612,3.78731875662455,12429.4560458005,4.09445212289133
113,30.8181623710493,0.3526532375967,1.38059116542161,20.7431489650541,574.228849068129,1700.85321592944,567,1204.5,6711,2.75358305889291,3.08080676691635,3.82678723881629,14125.3035152952,4.14999778842788
114,30.1985502251471,0.347474016756629,1.43756189860069,20.0694277910925,586.083524849414,1857.08361601341,567,1229,7299,2.75358305889291,3.08955188288645,3.86326336365048,15981.9090869556,4.20362865585461
115,29.5325834198113,0.342595652973545,1.41619933923822,19.3729761908272,595.458881992908,2036.14074021752,568,1250,7886,2.75434833571102,3.09691001300806,3.8968567727372,18016.014293185,4.25565871772326
116,28.8255975213861,0.33810526837478,1.32274112857646,18.6561068985436,602.514257409598,2234.8520959244,568,1275.5,8470,2.75434833571102,3.10568042957756,3.92788341033071,20251.3840926161,4.30645471067384
117,28.0829019961962,0.33406381080603,1.16648526694102,17.9216913468908,607.445438635817,2452.24668047399,569,1291,9055,2.75511226639507,3.11092624226642,3.95688845465008,22699.6082528964,4.35601836225512
118,27.3097332509034,0.330503958202137,0.95914951774629,17.1731548326507,610.476148645187,2687.49131671776,569,1311.5,9643.5,2.75511226639507,3.11776826336486,3.98423468423342,25382.1158395327,4.40452782181938
119,26.5112122931745,0.327429066043242,0.71416875775259,16.4144475643658,611.849221731109,2939.82372014033,569,1332.5,10228,2.75511226639507,3.12466718712407,4.0097907193543,28318.0540390281,4.45206340613801
120,25.6923071528786,0.324813203665046,0.445962459309921,15.6499925337025,611.81781048986,3210.47058652291,569,1342,10809.5,2.75511226639507,3.12775251583297,4.03380560539777,31532.664906311,4.49876067322157
121,24.857800134922,0.322602284023614,0.169204312188931,14.8846120406551,610.636946841611,3497.7241496731,570,1346,11395,2.75587485567249,3.12904505988796,4.05671432951639,35023.550515491,4.54436017051014
122,24.0122599165591,0.320716249889082,0,14.1234355107524,608.555750554195,3801.4263721488,570,1361,11982,2.75587485567249,3.13385812520333,4.07852931525435,38823.6240259465,4.58909607255184
123,23.1600184529491,0.319052239007274,0,13.3717919407373,605.810538431448,4122.3347574852,570,1371,12565,2.75587485567249,3.13703745478951,4.09916249155319,42945.6764277414,4.63291944760637
124,22.3051526129538,0.317488613133422,0,12.6350908727616,602.61903816481,4457.16562733034,571,1381.5,13152,2.75663610824585,3.14035086080841,4.11899180019598,47400.0381377767,4.67577868911147
125,21.4514704304407,0.315889702518198,0,11.918696206202,599.175855112889,4805.2608750474,571,1390,13731,2.75663610824585,3.14301480025409,4.13770216714696,52209.2005598116,4.71774704286313
126,20.6025018225122,0.314111089747977,0,11.2277973973806,595.649280480293,5164.2267274342,571,1402,14312,2.75663610824585,3.14674801363064,4.15570032755932,57378.5207254594,4.75874934751035
127,19.761493593081,0.312005235934558,0,10.567282663591,592.17946814066,5531.78996246198,572,1409,14901,2.75739602879302,3.14891099310936,4.17321541471489,62903.3904173565,4.79867405398196
128,18.9314085062881,0.309427238959287,0,9.94161869878901,588.877947318748,5903.87860976942,572,1422,15486,2.75739602879302,3.15289959639375,4.18993925492751,68809.3819746549,4.83764765716041
129,18.1149281782869,0.306240508351673,0,9.35474113048877,585.82838202429,6275.87000707,572,1428,16072,2.75739602879302,3.15472820744016,4.20606992374019,75085.5944266802,4.8755566232699
130,17.3144594970705,0.302322144639911,0,8.80995951371428,583.088437831444,6641.95060797456,573,1439,16657,2.75815462196739,3.15806079393661,4.22159678574026,81738.1899942743,4.9124250164903
131,16.5321442383865,0.297567822531399,0,8.30988008687848,580.692574306323,6998.44669804781,573,1451,17240,2.75815462196739,3.16166741243774,4.23653726148869,88743.0127862901,4.94813416871088
132,15.7698715019203,0.291895996609965,0,7.8563488300144,578.655548730566,7338.96436452835,574,1459,17826,2.75891189239797,3.16405529189345,4.25105390218731,96078.0374181726,4.98262412314254
133,15.0292925471206,0.285251274606587,0,7.45041659551684,576.976394900031,7655.64376966251,574,1470,18418,2.75891189239797,3.16731733474818,4.2652424686338,103731.839855311,5.01591208085082
134,14.311837564126,0.277606835654014,0,7.09232725631336,575.642630385224,7942.70731183451,575,1480.5,19006.5,2.75966784468963,3.17040838695808,4.27890214982232,111677.46937042,5.04796556419736
135,13.6187338745411,0.268965807980046,0,6.7815289684967,574.63444688186,8191.45406585679,575,1486,19590,2.75966784468963,3.17201880942456,4.29203443599474,119868.096590118,5.07870360913228
136,12.9510250219983,0.259361560741221,0.103679122913214,6.51670780793565,573.928650820376,8399.12547435611,575,1491,20170.5,2.75966784468963,3.17347764345299,4.3047166637982,128270.629990036,5.10812722774339
137,12.3095901862716,0.248856906535979,0.287059478895062,6.29584224517578,573.502144415013,8557.91914495565,575,1497.5,20756,2.75966784468963,3.17536680685325,4.31714366202289,136821.061286659,5.13615295481498
138,11.6951633401456,0.237542252889522,0.449377440042521,6.11627620006556,573.3347695504,8662.41420955707,576,1504,21340,2.76042248342321,3.17724783625562,4.32919441508845,145473.631163821,5.16278427938464
139,11.1083515677585,0.225532781000544,0.583471936702426,5.97480779370762,573.411376678907,8710.40332068099,576,1507,21925,2.76042248342321,3.17811325231463,4.34093960203808,154181.319981108,5.18803175914333
140,10.5496519791251,0.212964766693146,0.683818434771251,5.86779041300064,573.723026285863,8698.73407232741,577,1511,22510,2.76117581315573,3.17926446433903,4.35237549500052,162884.084905279,5.21187865229208
141,10.0194666895942,0.19999119037088,0.74672943303062,5.79124233962024,574.267279308538,8624.72834958653,577,1520,23096,2.76117581315573,3.18184358794477,4.36353677087266,171499.319900332,5.23426240213903
142,9.51811538613799,0.186776808574699,0.770461392074147,5.74096098242808,575.0475828845,8493.47012705075,577,1529,23685,2.76117581315573,3.18440748541232,4.37447338906398,179982.848252577,5.25523112030232
143,9.04584507471604,0.173492878501325,0.755226566932738,5.71263769562351,576.071806658298,8303.96804699079,578,1532,24268,2.76192783842053,3.18525876529658,4.38503398627201,188281.095337883,5.27480671614357
144,8.60283669375427,0.160311737836938,0.703112597114329,5.70196926376727,577.350030374507,8064.71683026468,578,1536,24851.5,2.76192783842053,3.18639121569549,4.39535260714895,196352.432676757,5.29303628626112
145,8.18920838629817,0.147401445115677,0.617916817012466,5.70476238225991,578.891723589077,7779.12513669032,579,1544,25433.5,2.76267856372744,3.18864729599972,4.40540612910843,204132.752121499,5.30991269077285
146,7.80501534491951,0.134920680471495,0.504905912388692,5.71702784543197,580.702491267112,7453.61502726113,579,1556,26020.5,2.76267856372744,3.19200959265367,4.41531563746263,211590.899452107,5.32549698471129
147,7.45024627546834,0.123014093401759,0.370514613779736,5.73506165607799,582.78058336055,7096.23733690676,579,1562,26601,2.76267856372744,3.19368102954128,4.4248979631844,218698.150483456,5.33984511025197
148,7.1248166638705,0.111808263608183,0.221999466942432,5.75551086796911,585.113381137628,6715.12636938511,580,1572,27189,2.76342799356294,3.19645254170339,4.4343932347126,225418.232102002,5.35298903939896
149,6.82855916942052,0.101408414032136,0.0670652684818305,5.77542264059037,587.674077453879,6320.02787066311,580,1578,27770,2.76342799356294,3.1981069988734,4.44357587975026,231748.134121178,5.36501624618485
150,6.56121160297377,0.0918959830174784,0,5.79227569504458,590.418762174444,5914.69586827615,580.5,1583,28357.5,2.76380206297663,3.19948091486236,4.45266794068673,237679.314429005,5.37599138605858
151,6.32240307350934,0.0833271264871637,0,5.80399408218832,593.284107882856,5509.19766777065,581,1586,28939.5,2.76417613239033,3.20030318298158,4.46149102329329,243187.829609474,5.38594183677643
152,6.1116389960569,0.0757321826280659,0,5.80894387915996,596.185825606811,5107.0866179401,581,1592,29525,2.76417613239033,3.20194306340165,4.47018990628555,248298.181214205,5.39497353835631
153,5.92828574268957,0.06911609244902,0,5.80591409016131,599.018026710323,4714.29553455293,582,1595,30111,2.76492298464989,3.2027606873932,4.47872517886946,253001.724030591,5.40312348060041
154,5.7715557813992,0.0634597313310429,0,5.79408361571017,601.653586862194,4336.54804786766,582,1602,30705,2.76492298464989,3.20466251174822,4.48720910171819,257332.720808718,5.41049501186916
155,5.64049418116524,0.0587220709003069,0,5.77297664874851,603.945562884874,3975.68019232905,582,1605,31288.5,2.76492298464989,3.20547503674089,4.49538474310551,261310.32884979,5.41715657648512
156,5.53396736246405,0.0548430586788903,0,5.74240923762731,605.729665319217,3634.63288093768,582,1607,31872.5,2.76492298464989,3.20601587676334,4.50341612974042,264942.450513367,5.42315154887521
157,5.45065493896893,0.0517470762853653,0,5.70243001146872,606.827740821821,3313.93918405162,583,1607,32462,2.76566855475901,3.20601587676334,4.511375273414,268257.606888305,5.42855204595122
158,5.38904542785015,0.049346816518013,0,5.6532581845999,607.052171186186,3015.63887730294,583,1610,33048.5,2.76566855475901,3.20682587603185,4.51915175253122,271279.951820473,5.43341769962946
159,5.34743650371643,0.0475474062340307,0,5.59522194132302,606.211051917876,2739.45247048381,583.5,1617,33634,2.76604070093571,3.2087100199064,4.52677851984585,274019.91176919,5.43778212215355
160,5.32394033727405,0.0462505960148437,0,5.5287001534276,604.113974815427,2485.35026067746,584,1629,34221.5,2.7664128471124,3.21192108430851,4.53429904161243,276504.151341259,5.44170165604241
161,5.3164943978744,0.0453588393320041,0,5.45407010956964,600.578207594043,2251.4805172738,584,1637,34807,2.7664128471124,3.21404867941194,4.54166659324718,278754.73040744,5.44522224600211
162,5.3228779143767,0.0447790931292275,0,5.37166355176244,595.435040611787,2038.37021563499,584,1642,35387,2.7664128471124,3.21537315278342,4.54884374606019,280795.302614679,5.44838983826682
163,5.34073398724258,0.0444261879244142,0,5.28173283828338,588.536057231988,1843.925842469,585,1654,35974,2.76715586608218,3.21853550521653,4.55598873032183,282641.350702417,5.45123569986268
164,5.36759713370589,0.0442256379298173,0.0675011804171066,5.18442850634293,579.759080886112,1667.04865959246,585,1656,36559,2.76715586608218,3.21906033244886,4.56299430794742,284312.345322919,5.4537957178937
165,5.40092583488339,0.0441157892507618,0.188038928300539,5.07978891667804,569.013558674495,1506.62348248082,585,1660,37141,2.76715586608218,3.22010808804005,4.56985359268958,285820.849039755,5.45609390497513
166,5.43813944701157,0.0440492357026101,0.296517112190824,4.96774205222997,556.245158105912,1361.57608133393,586,1666,37729,2.76789761601809,3.22167499707077,4.57667529446054,287182.194336974,5.45815750959213
167,5.47665864677723,0.0439934657761107,0.387932918258057,4.8481189411759,541.439379666731,1230.27033827397,586,1672,38311,2.76789761601809,3.223236273103,4.58332348815676,288411.137410039,5.46001202727599
168,5.51394841083815,0.0439307392821468,0.458228128831022,4.72067760703804,524.624022270037,1111.59419381279,586,1686.5,38893,2.76789761601809,3.22698632643892,4.58987144361533,289520.371462507,5.46167912731213
169,5.54756238945859,0.0438572266882189,0.50446166124984,4.58513593992644,505.870379872446,1004.41257707366,587,1690,39482,2.76863810124761,3.22788670461367,4.59639914417399,290523.758368083,5.46318165378734
170,5.57518743003207,0.0437814766252502,0.524924776338081,4.44121145501147,485.293093986318,907.934352112296,587,1697,40023.5,2.76863810124761,3.22968184231768,4.60231506438181,291436.300332643,5.46454364507398
171,5.59468694332754,0.0437223061045083,0.519194832523374,4.28866557501098,463.04863657474,820.785301699472,588,1700,40516,2.76937732607614,3.23044892137827,4.60762656246126,292257.579435354,5.46576578301345
172,5.60414178726651,0.0437062324043608,0.488126444604028,4.12734985666169,439.332448887747,742.227477942504,588,1701,40965,2.76937732607614,3.23070431361257,4.61241295919541,293000.453206429,5.46686829211134
173,5.60188737204316,0.0437645843483863,0.433781876283717,3.95725148543432,414.374812124139,671.369491809481,588,1705,41365.5,2.76937732607614,3.23172438332852,4.6166382781404,293671.507046991,5.46786181191814
174,5.58654576665372,0.0439304430320804,0.359305315373882,3.77853539162162,388.435573371377,607.52596350084,589,1708,41732.5,2.7701152947871,3.23248786635299,4.62047440202258,294279.122092792,5.46875945176448
175,5.55705170899834,0.044235567489386,0.268748222117424,3.59158049234538,361.797893196065,549.810101208579,589,1709,42063.5,2.7701152947871,3.23274206272074,4.62390540639489,294827.141274945,5.46956746141776
176,5.5126715862691,0.0447074591488971,0.166855092324831,3.39700783078114,334.76121784131,497.808644027095,589,1710,42362,2.7701152947871,3.23299611039215,4.62697645588444,295322.807319714,5.47029698814561
177,5.45301465433038,0.0453667103518563,0.0588206455090754,3.19569875363237,307.63370781208,450.80116193354,590,1719,42629,2.77085201164214,3.23527587668705,4.62970514499581,295770.271609333,5.47095452015158
178,5.37803599768175,0.0462247671332142,0,2.98880172403663,280.724374596102,408.320057741324,590,1720,42870.5,2.77085201164214,3.23552844690755,4.63215854870094,296176.754298571,5.47155096952352
179,5.28803098738348,0.0472822156264355,0,2.77772688925242,254.335187648416,369.943605248358,590,1720,43094,2.77085201164214,3.23552844690755,4.63441680720658,296548.508547064,5.47209574414481
180,5.18362126420079,0.0485276758179495,0,2.56412808751281,228.753414208915,335.220047237196,590,1721,43291.5,2.77085201164214,3.23578087032756,4.63640263384233,296883.613200054,5.47258622692176
181,5.06573254840062,0.0499373571241791,0,2.34987256145777,204.244445097818,303.833566317349,591,1727,43475,2.77158748088126,3.23729233756746,4.63823959067475,297187.580931432,5.4730306568864
182,4.9355648462322,0.0514752987270553,0,2.13699922077853,181.045340778639,275.471670000098,591,1728,43638.5,2.77158748088126,3.23754373814287,4.6398698140024,297463.415615657,5.47343356040661
183,4.79455587616909,0.0530942852044175,0,1.92766683896212,159.359304529017,249.783079924348,591,1728.5,43786,2.77158748088126,3.2376693657084,4.64133527272641,297712.137728286,5.47379654120017
184,4.64433876596181,0.0547373961854083,0,1.72409405434923,139.351254660509,226.570697334728,592,1730,43923.5,2.77232170672292,3.2380461031288,4.64269693911253,297938.529872283,5.47412667048057
185,4.48669526582553,0.0563401189695493,0,1.52849345273809,121.14462681836,205.499871785597,592.5,1734,44051,2.77268820004359,3.23904909314019,4.64395577176174,298144.448895931,5.47442672769716
186,4.32350587610401,0.0578329265941896,0,1.34300231956336,104.819492127648,186.431071301285,593,1735,44158.5,2.77305469336426,3.23929947912689,4.64501431259215,298329.523337661,5.47469623421394
187,4.15669839347185,0.0591442018925401,0,1.16961285018639,90.4120291311534,169.168936075186,593,1736,44262,2.77305469336426,3.23954972084047,4.64603103384202,298498.764398039,5.47494253774833
188,3.98819643393454,0.0602033716173358,0,1.01010468811845,77.9153389697529,153.517550058572,594,1737,44354,2.77378644498119,3.2397998184471,4.64693279203015,298653.192619937,5.47516716172827
189,3.81986949099642,0.0609441044357766,0,0.865982618825925,67.281545959888,139.327258315873,594,1740,44436,2.77378644498119,3.2405492482826,4.64773495809707,298792.957172206,5.47537035652569
190,3.65348603322308,0.0613074229717608,0,0.738422082461003,58.4250814214557,126.445304224755,595,1740.5,44512,2.77451696572855,3.24067400969997,4.64847710831195,298919.11313872,5.47555368507823
191,3.49067103852915,0.0612445832285651,0,0.628224888929337,51.2270089511649,114.766553310864,595.5,1741,44579.5,2.77488161273439,3.24079877111733,4.64913519291455,299034.018536834,5.47572059709387
192,3.33286920669174,0.0607195845173127,0.0343583859757519,0.535787134376529,45.5402157564173,104.204629936175,596,1743.5,44640.5,2.77524625974024,3.24142193385327,4.64972905028456,299138.778109267,5.47587271535472
193,3.18131489231082,0.0597111889944472,0.127097528765676,0.461080845540135,41.1952683270163,94.6044878095894,596,1748,44694.5,2.77524625974024,3.24254142829838,4.65025408313578,299234.486411446,5.47601164397757
194,3.03700956500946,0.0582143513565268,0.212168871391265,0.403650336907901,38.0067124915599,85.8998386691461,597,1748,44748,2.77597433112937,3.24254142829838,4.65077362930049,299321.245757001,5.47613754404908
195,2.90070734066704,0.0562409851915908,0.285552636122206,0.362623678041031,35.7795882976481,78.0078623774698,598,1749,44793.5,2.77670118398841,3.24278980947868,4.65121499770688,299398.931073269,5.4762502454686
196,2.77290884664809,0.0538200217865342,0.343858715695491,0.336739059216637,34.3159293468662,70.8365841009577,598,1750,44835,2.77670118398841,3.24303804868629,4.65161717409496,299469.415033658,5.47635247426943
197,2.65386339569312,0.0509967485330728,0.384480237813149,0.324385238384236,33.4210240225427,64.3323237375637,598.5,1753,44873.5,2.77706400318886,3.24378191609379,4.6519899445096,299533.789767248,5.47644582132205
198,2.54357915808665,0.0478314460713536,0.405707131948288,0.323654676720049,32.909231957825,58.4281725445858,599,1754,44910.5,2.77742682238931,3.24402958903002,4.65234789017346,299592.681784476,5.47653120055134
199,2.4418407503945,0.0443973745394318,0.406794891543276,0.332407448008762,32.6091722781468,53.0661393228483,599,1755,44941.5,2.77742682238931,3.24427712080184,4.65264756362479,299646.170092281,5.47660873116176
200,2.34823341156972,0.0407781883754102,0.387985929160875,0.348343560800582,32.3681295267696,48.2008782807633,600,1756,44973.5,2.77815125038364,3.24452451157008,4.65295668721951,299694.752479079,5.47667913871031
201,2.26217272253127,0.0370648847610972,0.350483217031586,0.369080980581013,32.0555574355418,43.783432851536,600,1759,44999,2.77815125038364,3.24526583945746,4.65320286267962,299738.880518988,5.47674308094914
202,2.18293865132851,0.033352411867076,0.296378180539019,0.392236396957597,31.565598368495,39.774009005223,601,1760,45020.5,2.77887447200274,3.24551266781415,4.65341031396146,299778.963927016,5.47680115429295
203,2.10971257877022,0.0297360786278847,0.228536961660549,0.415505658638023,30.818575782071,36.130547025164,601,1761,45045.5,2.77887447200274,3.24575935596728,4.65365141187472,299815.374492375,5.47685389964634
204,2.0416158834364,0.026307917154963,0.15045109208873,0.436740801850107,29.7614568167708,32.820876202134,601,1762,45065.5,2.77887447200274,3.24600590407603,4.65384419388317,299848.449632738,5.47690180765875
205,1.97774864257106,0.0231531516684741,0.0660602253095668,0.454020726207381,28.3673206053132,29.8149791462446,602,1764,45084,2.77959649125782,3.2464985807958,4.65402244111101,299878.224004259,5.4769449301203
206,1.91722703676499,0.0203469238729251,0,0.465712820520284,26.6339035898228,27.0849512784941,603,1765,45098,2.78031731214015,3.24674470972384,4.65415728227212,299905.204655372,5.476984002716
207,1.8592181298525,0.0179514141881837,0,0.470523199721618,24.5813247766598,24.6055209177443,603,1766,45112,2.78031731214015,3.24699069924155,4.6542920815803,299930.033278191,5.47701995570187
208,1.80297082716905,0.0160134816349455,0,0.467533668101627,22.2491203212523,22.3541512976282,604,1766.5,45127,2.78103693862113,3.24711362437416,4.65443646288943,299952.589367639,5.47705261537507
209,1.74784198968156,0.0145629231898204,0,0.456224054689444,19.6927372569814,20.307573192895,604,1769,45139,2.78103693862113,3.24772783290972,4.65455193357886,299973.081244749,5.47708228408109
210,1.69331689115575,0.0136114270324933,0,0.436479152081551,16.9796499803035,18.4496443055655,604.5,1769.5,45148.5,2.7813961566368,3.24785054963577,4.65464332599511,299991.698075663,5.4771092362864
211,1.6390234420051,0.0131522644571159,0,0.408580106067937,14.1852699519086,16.7611767924747,605,1770.5,45160.5,2.78175537465247,3.24809591377594,4.65475874159741,300008.611643594,5.47713372117122
212,1.58473985718096,0.0131607336128024,0,0.373180724617272,11.3888189805643,15.2277329620703,606,1771.5,45170,2.78247262416629,3.24834113937055,4.65485009056139,300023.977954908,5.47715596497711
213,1.53039570629439,0.0135953360495701,0,0.331269775567958,8.66932965678146,13.8332972574697,606,1773,45180,2.78247262416629,3.24870873560092,4.65494622658434,300037.938695219,5.47717617313339
214,1.47606654190693,0.0143996356837058,0,0.284120898020116,6.10192354797525,12.5665014045273,607,1774,45188,2.78318869107526,3.24895361549571,4.65502312008347,300050.622549782,5.47719453218374
215,1.42196254651392,0.0155047206261058,0,0.233232240035798,3.75449939721221,11.4171298335935,607,1775,45194.5,2.78318869107526,3.24919835739111,4.65508558600189,300062.14640108,5.47721121153235
216,1.36841186080167,0.0168321626080581,0,0.180258334991921,1.6849407430152,10.3727910876494,607,1776.5,45200,2.78318869107526,3.24956519462394,4.65513843481138,300072.616415227,5.47722636502673
217,1.31583944695316,0.0182973476062253,0,0.126937024438521,0,9.42424311656634,608,1778,45206,2.78390357927274,3.24993175663419,4.6551960806954,300082.093064935,5.47724008034591
218,1.26474249408311,0.0198130356313101,0,0.0750144147379577,0,8.5628356983912,608,1779,45212,2.78390357927274,3.25017594808393,4.65525371892883,300090.656658745,5.47725247384953
219,1.21566348282993,0.0212929981693983,0,0.0261709111026467,0,7.77964349909456,608,1781,45217.5,2.78390357927274,3.25066391946324,4.6553065472305,300098.437268398,5.47726373388705
220,1.16916208927547,0.02265557886158,0.00788322596884328,0,0,7.06783737313267,609,1781,45221.5,2.78461729263288,3.25066391946324,4.655344963797,300105.506517871,5.47727396419654
221,1.12578712284132,0.0238270267881556,0.0860600247608687,0,0,6.42169809891571,609,1783,45227,2.78461729263288,3.25115134317535,4.65539778105443,300111.929473095,5.47728325900821
222,1.08604965914464,0.0247444620094755,0.159221692177827,0,0,5.83499485396426,610,1784,45230.5,2.78532983501077,3.2513948500401,4.65543138864887,300117.765243546,5.4772917039183
223,1.05039844912606,0.0253583493524724,0.22386026910598,0,0,5.30183707193751,610.5,1785,45234,2.78568552262666,3.25163822044821,4.65546499369588,300123.06752845,5.4772993766821
224,1.01919856421323,0.0256343780887856,0.276917748344204,0,0,4.81737129075221,611,1786,45236.5,2.78604121024255,3.25188145455253,4.65548899566348,300127.885112728,5.47730634793387
225,0.992714079656584,0.0255546711768499,0.315929243469014,0,0,4.37686369939478,611.5,1788,45239,2.78639631619406,3.2523675144599,4.65551299635771,300132.262317347,5.47731268184028
226,0.971095411472337,0.0251182769925167,0.339136103703794,0,0,3.9764280222002,613,1788.5,45241,2.78746047451842,3.25248892751364,4.65553219593693,300136.239408284,5.47731843669375
227,0.954371714963687,0.024340927664465,0.345563847388576,0,0.492268772582037,3.61281931072215,613,1789,45243.5,2.78746047451842,3.25261034056737,4.65555619419089,300139.87839561,5.47732370224426
228,0.942448533322541,0.0232540799048695,0.335061522544944,0,1.56810713249772,3.28256610420925,614,1790.5,45245,2.78816837114117,3.25297430841446,4.6555705925492,300143.200028319,5.47732850853253
229,0.935110662781195,0.0219032851875812,0.30830098323818,0,2.61150991559151,2.98226533685142,614,1792,45246,2.78816837114117,3.25333800532611,4.65558019117186,300146.21806657,5.47733287548393
230,0.93202998517948,0.0203459649364237,0.266736505362609,0,3.57048859745657,2.70933189288664,614.5,1793,45247,2.78852174345829,3.25358028956218,4.65558978958239,300148.960263532,5.47733684326863
231,0.932777818584027,0.0186486917887575,0.212527060842788,0,4.39997515049325,2.46139332843192,615,1793.5,45249.5,2.78887511577542,3.25370136413513,4.65561378465414,300151.451834443,5.47734044838193
232,0.936841159598006,0.0168840988986703,0.148425337435818,0.00523769531462026,5.06331860162143,2.23632888386731,615.5,1795,45250,2.78922791396992,3.25406445291434,4.65561858354122,300153.715688849,5.47734372398084
233,0.943642044235875,0.0151275547445982,0.0776391465207809,0.0364318446088605,5.53335619405459,2.03186664567017,616,1796,45251.5,2.78958071216443,3.25430633233129,4.65563297977826,300155.772641562,5.47734670018971
234,0.952559143114112,0.0134537503422446,0.0036721343242796,0.0660388919844439,5.79303511304113,1.84610009608481,617,1797,45253.5,2.79028516403324,3.25454807710897,4.65565217405403,300157.641604301,5.47734940437785
235,0.962950635119694,0.0119333487499,0,0.0926442799482543,5.83558100294576,1.67744353076696,617,1797.5,45255,2.79028516403324,3.25466888225309,4.65566656912464,300159.339759774,5.47735186141163
236,0.974177374061259,0.0106298431779976,0,0.115000747916394,5.66422891284174,1.52415881784453,618,1799,45255,2.79098847508882,3.25503116334555,4.65566656912464,300160.879755688,5.47735408959488
237,0.985625375057451,0.0095967600544546,0,0.132079123178262,5.29155007459264,1.38488247068962,618.5,1800.5,45255.5,2.79133956205447,3.25539310896142,4.65567136748151,300162.269466741,5.47735610032476
238,0.99672670073511,0.00887532751903686,0,0.143109161738431,4.73842335437868,1.25833407974447,619,1802,45257,2.79169064902012,3.25575478664304,4.65568576202199,300163.532165595,5.47735792727655
239,1.00697791799319,0.00849270872798223,0,0.147608797540077,4.03271278850488,1.1433503070243,619,1803,45258,2.79169064902012,3.2559957267224,4.65569535809959,300164.679461321,5.4773595872492
240,1.015955420089,0.00846087400066869,0,0.145400665939892,3.20772190781483,1.03887417515257,620,1804,45258.5,2.79239168949825,3.25623653320592,4.65570015603237,300165.721901761,5.47736109550576
241,1.02332705966981,0.00877615734949483,0,0.136615318897709,2.30050135082325,0.943945337561906,620,1805,45259,2.79239168949825,3.25647720624168,4.65570495396516,300166.669070561,5.47736246591386
242,1.02885970948842,0.00941951257129784,0,0.121681121978757,1.35008847554698,0.857691239763999,621,1807,45259,2.79309160017658,3.25695815256093,4.65570495396516,300167.529675338,5.47736371107334
243,1.03242255096474,0.0103574531819359,0,0.101301392062125,0.395756411681077,0.779319089904577,621,1807,45260,2.79309160017658,3.25695815256093,4.65571454961871,300168.311627767,5.47736484243217
244,1.03398607839361,0.0115436304012828,0,0.0764198759374839,0,0.708118555872242,622,1808.5,45261,2.79379038469082,3.25731849649958,4.65572414506025,300169.022116356,5.47736587039181
245,1.0336169904375,0.012920975470767,0,0.0481761605679925,0,0.643427060592893,622,1810,45261,2.79379038469082,3.25767857486918,4.65572414506025,300169.667672555,5.4773668044029
246,1.03146931255968,0.0144243080240626,0,0.0178530252787232,0,0.584614278631587,623,1811,45261,2.79448804665917,3.25791845031406,4.65572414506025,300170.254230826,5.47736765305218
247,1.02777224721424,0.0159832921060052,0,0,0,0.531195547947358,623,1811.5,45261,2.79448804665917,3.25803832182743,4.65572414506025,300170.787183218,5.4773684241415
248,1.02281537660273,0.0175256066186679,0,0,0,0.482658061964367,624,1812.5,45261,2.79518458968242,3.25827799871815,4.65572414506025,300171.271428946,5.47736912475958
249,1.01693194062694,0.0189801880954754,0.0553867083284203,0,0,0.438555761695331,624,1814,45261,2.79518458968242,3.25863728272408,4.65572414506025,300171.711419446,5.47736976134717
250,1.01048097668825,0.0202804011447469,0.122236723321116,0,0,0.398483354471515,625,1814,45261,2.79588001734408,3.25863728272408,4.65572414506025,300172.111199304,5.47737033975634
251,1.00382913607634,0.0213669957440252,0.182695829682828,0,0,0.362072587433558,625,1815.5,45261,2.79588001734408,3.2589962367786,4.65572414506025,300172.474443443,5.47737086530427
252,0.997332983437897,0.0221907206268619,0.233863255825753,0,0,0.328988861806703,626,1816.5,45261.5,2.79657433321043,3.25923538574655,4.65572894267502,300172.804490915,5.47737134282213
253,0.991322542272117,0.0227144778097726,0.273308218411593,0,0,0.298928156771516,626,1817.5,45261.5,2.79657433321043,3.25947440309699,4.65572894267502,300173.104375601,5.47737177669954
254,0.986086773194025,0.0229149241493566,0.299184601085379,0,0,0.271622372634499,627,1818.5,45261.5,2.79726754083072,3.25971328897472,4.65572894267502,300173.376854099,5.47737217092492
255,0.981861566983171,0.0227834507575516,0.310316609660177,0,0,0.246816840010367,627,1819,45262,2.79726754083072,3.25983269906348,4.65573374028979,300173.624431074,5.47737252912214
256,0.978820706193307,0.0223264990211623,0.3062514522017,0,0,0.224269453799083,628,1820.5,45262.5,2.7979596437372,3.26019066689,4.65573853779857,300173.849382282,5.47737285458389
257,0.97707010380258,0.0215652016271443,0.287276705194209,0,0,0.203777450709989,629,1821,45262.5,2.79865064544527,3.26030994579492,4.65573853779857,300174.053775489,5.4773731503019
258,0.976645471470911,0.0205343670692658,0.254401743798738,0,0,0.185157958981997,629,1822,45262.5,2.79865064544527,3.26054837263698,4.65573853779857,300174.239489488,5.47737341899447
259,0.977513410974229,0.0192808552692818,0.209304350307768,0,0.164813784597868,0.168239779328985,630,1823,45263,2.79934054945358,3.26078666865498,4.65574333530735,300174.408231361,5.47737366313149
260,0.97957576721488,0.0178614189013694,0.154245287963441,0,0.786694707806475,0.152867455326993,630,1824.5,45263.5,2.79934054945358,3.26114385139245,4.65574813271013,300174.561552181,5.4773738849571
261,0.982676936812358,0.0163401085688601,0.0919551568412444,0,1.35461223798569,0.138899362801267,630,1825,45263.5,2.79934054945358,3.26126286879249,4.65574813271013,300174.700861265,5.47737408651033
262,0.986613699071764,0.0147853591130884,0.0254991614333804,0.0156311424830067,1.84868627089355,0.126205184328133,631,1825,45263.5,2.80002935924413,3.26126286879249,4.65574813271013,300174.827439133,5.47737426964387
263,0.991147031254838,0.0132668881955608,0,0.0448344607071247,2.25277703552774,0.114671150057744,631,1826.5,45263.5,2.80002935924413,3.26161966027541,4.65574813271013,300174.942449276,5.47737443604111
264,0.996015292173046,0.0118525462885318,0,0.0718926533759188,2.55490366364603,0.104191230874946,632,1827,45263.5,2.80071707828239,3.26173854735254,4.65574813271013,300175.046948855,5.47737458723155
265,1.00094810992937,0.0106052589833,0,0.0956120657651116,2.74748203120305,0.0946690882357253,632,1828.5,45263.5,2.80071707828239,3.26209494843711,4.65574813271013,300175.141898416,5.47737472460494
266,1.0056802929826,0.00958019802439512,0,0.114952026394308,2.82738522002546,0.0860171884505479,632.5,1829,45263.5,2.80106039414987,3.26221370547642,4.65574813271013,300175.228170722,5.47737484942401
267,1.00996509877749,0.00882230690542218,0,0.129070660771684,2.79583673288408,0.0781575484837821,633,1830,45263.5,2.80140371001736,3.26245108973043,4.65574813271013,300175.306558774,5.47737496283608
268,1.01358623957712,0.00836429069790755,0,0.137361862863378,2.65815234262197,0.0710161564795717,633,1830,45263.5,2.80140371001736,3.26245108973043,4.65574813271013,300175.377783102,5.47737506588363
269,1.01636807854633,0.00822515876126255,0,0.139481830736807,2.42335102360227,0.0645241277459487,634,1832,45263.5,2.80208925788173,3.26292546933183,4.65574813271013,300175.442498386,5.47737515951385
270,1.01818356642405,0.00840938402479433,0,0.135364032332203,2.10365868912692,0.0586264541973201,634,1832,45263.5,2.80208925788173,3.26292546933183,4.65574813271013,300175.501299476,5.47737524458739
271,1.01895958570351,0.00890671476863088,0,0.125221974957039,1.71393042342174,0.0532685363403591,635,1832.5,45263.5,2.80277372529198,3.26304396714702,4.65574813271013,300175.55472686,5.47737532188622
272,1.01867949924114,0.0096926454756984,0,0.109539686686682,1.27101760518542,0.0484002842566537,635,1834,45263.5,2.80277372529198,3.263399331334,4.65574813271013,300175.603271631,5.47737539212087
273,1.01738283767916,0.0107295236934699,0,0.0890503562825815,0.79310586101758,0.0439769466229612,636,1835,45263.5,2.80345711564841,3.26363606858811,4.65574813271013,300175.647380001,5.47737545593692
274,1.01516219840359,0.0119682412282455,0,0.0647040974978399,0.299048347178768,0.0399578620534982,637,1836,45263.5,2.80413943233535,3.26387267686522,4.65574813271013,300175.687457405,5.47737551392095
275,1.01215756155579,0.0133504316660044,0,0.0376262816074782,0,0.0363060853024796,637,1838,45263.5,2.80413943233535,3.26434550705009,4.65574813271013,300175.723872224,5.47737556660594
276,1.00854835020662,0.014811073311416,0,0.00906829877828663,0,0.0329880476309974,637.5,1839,45263.5,2.80448005552826,3.26458172923808,4.65574813271013,300175.756959174,5.47737561447617
277,1.00454366625244,0.0162813781690746,0.0222898244089507,0,0,0.0299732482154539,638,1839,45263.5,2.80482067872116,3.26458172923808,4.65574813271013,300175.787022384,5.47737565797164
278,1.00037121687322,0.0176918343383147,0.0847531123182677,0,0,0.0272339737602413,638,1840,45264,2.80482067872116,3.26481782300954,4.65575293011292,300175.814338184,5.47737569749215
279,0.996265504738278,0.0189752617240826,0.142331742217152,0,0,0.0247450437367323,639,1841.5,45264,2.8055008581584,3.26517170718242,4.65575293011292,300175.839157657,5.47737573340097
280,0.992455886401936,0.0200697395574403,0.192145378667689,0,0,0.0224835789063077,639.5,1842,45264,2.80584041607114,3.26528962586083,4.65575293011292,300175.861708935,5.47737576602816
281,0.989155106649864,0.0209212689036005,0.231673328142179,0,0,0.0204287909992516,640,1843,45264,2.80617997398389,3.26552533521907,4.65575293011292,300175.882199304,5.47737579567363
282,0.986548892228279,0.0214860438281943,0.258865598496939,0,0,0.0185617916158825,641,1844,45264,2.80685802951882,3.26576091671761,4.65575293011292,300175.900817106,5.47737582260987
283,0.984787138228141,0.0217322206802229,0.272228212407754,0,0,0.0168654185930359,641,1845,45264,2.80685802951882,3.26599637049508,4.65575293011292,300175.91773347,5.47737584708446
284,0.983977147417202,0.0216410952287601,0.270878326569076,0,0,0.0153240782396034,642,1846,45264,2.80753502806885,3.26623169668989,4.65575293011292,300175.933103888,5.47737586932238
285,0.984179291246507,0.0212076211803023,0.254566131051263,0,0,0.0139236019907418,642,1847,45264,2.80753502806885,3.26646689544024,4.65575293011292,300175.947069639,5.47737588952803
286,0.985405355699887,0.0204402297119393,0.223662053394385,0,0,0.0126511388661127,643,1848,45264,2.80821097292422,3.26670196688409,4.65575293011292,300175.959759093,5.47737590788712
287,0.987619721986936,0.0193599367885497,0.179109385740098,0,0,0.0114949236125513,643,1850,45264,2.80821097292422,3.26717172840301,4.65575293011292,300175.971288888,5.47737592456843
288,0.990743417057742,0.0179987517993131,0.122344007074922,0,0,0.0104443962099464,644,1850,45264,2.80888586735981,3.26717172840301,4.65575293011292,300175.981765003,5.47737593972527
289,0.994660958423249,0.0163974260440228,0.0551842990143001,0,0,0.00948987714066552,644,1850.5,45264,2.80888586735981,3.26728907357796,4.65575293011292,300175.99128373,5.47737595349696
290,0.999229818638685,0.0146026014466921,0,0.0111258214616798,0.424062023465012,0.00862259213556037,644,1852,45264,2.80888586735981,3.26764098234592,4.65575293011292,300175.999932564,5.47737596601008
291,1.00429225245706,0.0126634372639125,0,0.0487839807158448,1.0226966188838,0.00783456881379432,645,1853,45264,2.80955971463527,3.2678754193189,4.65575293011292,300176.007791001,5.47737597737967
292,1.00968917020081,0.0106278043143393,0,0.0883448009895256,1.64420785873739,0.00711839975725018,645,1853.5,45264,2.80955971463527,3.26799257456369,4.65575293011292,300176.014931274,5.47737598771021
293,1.01527570892782,0.00853814134981028,0,0.128974151530319,2.27853314500203,0.00646774141613038,646,1854,45264,2.81023251799508,3.26810972980848,4.65575293011292,300176.021419015,5.47737599709667
294,1.02093815254614,0.00642706576696716,0,0.170028049926184,2.91794818734314,0.00587655661581057,647,1855,45264,2.8109042806687,3.26834391395106,4.65575293011292,300176.027313857,5.47737600562532
