"t","icu","deaths","cases_imported","cases_community","cases_dorms","logcases_imported","logcases_community","logcases_dorms","infns_dorms","cumcases_imported","cumcases_community","cumcases_dorms","logcumcases_imported","logcumcases_community","logcumcases_dorms","cuminfns_dorms","logcuminfns_dorms"
19,0.0677299025361475,0.00698727011161299,0,1.47834222446887,2.94185431562823,0,0,1.5,0,-0.301029995663981,0.150514997831991,-0.301029995663981,0,-0.301029995663981,-0.301029995663981,0.150514997831991,-0.301029995663981
20,0.020084574424561,0.00215531322834223,0,1.62171249342301,0.919439316669823,0,0,3,0,-0.301029995663981,0.477121254719662,-0.301029995663981,0,-0.301029995663981,-0.301029995663981,0,-0.301029995663981
21,0,0,0.00755837954591687,1.75611378099632,0,1.91032066325923e-06,1,5,0,0,0.698970004336019,-0.301029995663981,1.91032066325923e-06,-0.301029995663981,-0.301029995663981,0.301029995663981,-0.301029995663981
22,0,0,0.0204813313499828,1.87232558856786,0,3.16567424195358e-06,1,8,0,0,0.903089986991944,-0.301029995663981,5.07599490521281e-06,-0.301029995663981,-0.301029995663981,0.389075625191822,-0.301029995663981
23,0,0,0.0264975735847417,1.96529360212492,0,4.31094710409922e-06,2,10,0,0.301029995663981,1,-0.301029995663981,9.38694200931203e-06,-0.301029995663981,-0.301029995663981,0.301029995663981,-0.301029995663981
24,0,0,0.0246686997370871,2.03775356954536,0,5.59438130017914e-06,2,12,0,0.301029995663981,1.07918124604762,-0.301029995663981,1.49813233094912e-05,-0.301029995663981,-0.301029995663981,0.301029995663981,-0.301029995663981
25,0,0,0.0157384889671401,2.10085607251636,0,7.16065093052058e-06,2.5,15,0,0.389075625191822,1.17609125905568,-0.301029995663981,2.21419742400117e-05,-0.301029995663981,-0.301029995663981,0.477121254719662,-0.301029995663981
26,0,0.00029239615536214,0.0020969932627557,2.17174737897321,0.115805759989769,9.12799753623579e-06,3,17,0,0.477121254719662,1.23044892137827,-0.301029995663981,3.12699717762475e-05,-0.301029995663981,-0.301029995663981,0.301029995663981,-0.301029995663981
27,0.0599631708113519,0.00368119361395408,0,2.26888532113433,1.50866054162867,1.16215526036659e-05,3,18,0,0.477121254719662,1.25527250510331,-0.301029995663981,4.28915243799135e-05,-0.301029995663981,-0.301029995663981,0.301029995663981,-0.301029995663981
28,0.155334351265531,0.0061358566212073,0,2.40652090375726,2.50699849240121,1.47908033453201e-05,4,20,0,0.602059991327962,1.30102999566398,-0.301029995663981,5.76823277252336e-05,-0.301029995663981,-0.301029995663981,0,-0.301029995663981
29,0.270536272196275,0.00699076396422971,0,2.5900339217902,2.83043740289723,1.88222260711469e-05,4,22,0,0.602059991327962,1.34242268082221,-0.301029995663981,7.65045537963805e-05,-0.301029995663981,-0.301029995663981,0.301029995663981,-0.301029995663981
30,0.401364705816571,0.00605715891084618,0,2.8135777573247,2.38333223904544,2.39516728017974e-05,5,26,0,0.698970004336019,1.41497334797082,-0.301029995663981,0.000100456226598178,-0.301029995663981,-0.301029995663981,0.477121254719662,-0.301029995663981
31,0.543327530506404,0.00371202200479087,0,3.06081973909262,1.28095312062659,3.04787142980933e-05,5,28.5,0,0.698970004336019,1.45477801462059,-0.301029995663981,0.000130934940896271,-0.301029995663981,-0.301029995663981,0.301029995663981,-0.301029995663981
32,0.69216883770707,0.00084532390846126,0,3.3086487858495,0,3.87843460068236e-05,6,35,0,0.778151250383644,1.54406804435028,-0.301029995663981,0.000169719286903095,-0.301029995663981,-0.301029995663981,0.778151250383644,-0.301029995663981
33,0.84427031421031,0,0.0131240601609022,3.53282989778651,0,4.93533093455136e-05,6,39,0,0.778151250383644,1.5910646070265,-0.301029995663981,0.000219072596248608,-0.301029995663981,-0.301029995663981,0.477121254719662,-0.301029995663981
34,0.996891701741412,0,0.0276507913924851,3.71398279439989,0,6.28024153674454e-05,7,43,0,0.845098040014257,1.63346845557959,-0.301029995663981,0.000281875011616054,-0.301029995663981,-0.301029995663981,0.602059991327962,-0.301029995663981
35,1.14823839363827,0.00121443048314529,0.0355086464944656,3.84213579442517,0,7.9916556355115e-05,7,46,0,0.845098040014257,1.66275783168157,-0.301029995663981,0.000361791567971169,-0.301029995663981,-0.301029995663981,0.477121254719662,-0.301029995663981
36,1.29736556182394,0.00742152534337875,0.0341302953923788,3.91850363905709,0,0.00010169451968047,8,51,0,0.903089986991944,1.70757017609794,-0.301029995663981,0.000463486087651638,-0.301029995663981,-0.301029995663981,0.698970004336019,-0.301029995663981
37,1.44394420987664,0.0169013728027254,0.023235148048065,3.95395143989129,0,0.000129407282744524,8,57,0,0.903089986991944,1.75587485567249,-0.301029995663981,0.000592893370396163,-0.301029995663981,-0.301029995663981,0.698970004336019,-0.301029995663981
38,1.58792677906593,0.0287996547011546,0.00508563770791293,3.96460170396617,0.285915727546993,0.000164672193366789,8,59,0,0.903089986991944,1.77085201164214,-0.301029995663981,0.000757565563762951,-0.301029995663981,-0.301029995663981,0.301029995663981,-0.301029995663981
39,1.72916041437147,0.0417358971269125,0,3.96592277981815,1.74677671180004,0.000209547366084795,9,63,0,0.954242509439325,1.79934054945358,-0.301029995663981,0.000967112929847747,-0.301029995663981,-0.301029995663981,0.602059991327962,-0.301029995663981
40,1.86700554717721,0.054070269240322,0,3.96713680940093,2.74835247552359,0.000266651804387459,9,67,0,0.954242509439325,1.82607480270083,-0.301029995663981,0.00123376473423521,-0.301029995663981,-0.301029995663981,0.602059991327962,-0.301029995663981
41,2.00002469551499,0.064231097860982,0,3.96774162705344,3.00889734766873,0.000339318260368375,10,69,0,1,1.83884909073726,-0.301029995663981,0.00157308299460358,-0.301029995663981,-0.301029995663981,0.301029995663981,-0.301029995663981
42,2.12580778018497,0.0710304035508648,0,3.95734988219596,2.44517814948215,0.000431787754127336,10,75,0,1,1.8750612633917,-0.301029995663981,0.00200487074873092,-0.301029995663981,-0.301029995663981,0.778151250383644,-0.301029995663981
43,2.24099132326506,0.0738981359446969,0,3.91906896785189,1.19832821623141,0.000549457106950625,10,81,0,1,1.90848501887865,-0.301029995663981,0.00255432785568154,-0.301029995663981,-0.301029995663981,0.738560627359831,-0.301029995663981
44,2.3415062126317,0.072985120215846,0,3.83555720924233,0,0.000699193936788233,11,86,0,1.04139268515823,1.93449845124357,-0.301029995663981,0.00325352179246977,-0.301029995663981,-0.301029995663981,0.602059991327962,-0.301029995663981
45,2.42305205806998,0.0691151408099131,0.0234344884057884,3.69601699614604,0,0.000889737502450482,11,89.5,0,1.04139268515823,1.95181625804212,-0.301029995663981,0.00414325929492026,-0.301029995663981,-0.301029995663981,0.602059991327962,-0.301029995663981
46,2.48174989111083,0.0636006851152033,0.0479729105143853,3.5019942150664,0,0.00113220879414051,11,91,0,1.04139268515823,1.95904139232109,-0.301029995663981,0.00527546808906077,-0.301029995663981,-0.301029995663981,0,-0.301029995663981
47,2.51487800624867,0.057966587883809,0.0612473560204851,3.27008247203471,0,0.00144075964495359,11.5,96.5,0,1.06028696560293,1.98452148365291,-0.301029995663981,0.00671622773401436,-0.301029995663981,-0.301029995663981,0.698970004336019,-0.301029995663981
48,2.52155997043163,0.0536443958555283,0.0575921458305775,3.03043916324712,0,0.00183339875307379,12.5,98,0,1.09656229917723,1.99122607569249,-0.301029995663981,0.00854962648708815,-0.301029995663981,-0.301029995663981,0.301029995663981,-0.301029995663981
49,2.50326097400164,0.0517038335837237,0.035278944005773,2.82119516234379,0,0.00233304283131302,13,101,0,1.11394335230684,2.00432137378264,-0.301029995663981,0.0108826693184012,-0.301029995663981,-0.301029995663981,0.602059991327962,-0.301029995663981
50,2.46396671702654,0.0526761277420639,0,2.6800515315026,0.538257913272602,0.00296885424221806,13.5,104.5,0,1.13003569399254,2.01911131918436,-0.301029995663981,0.0138515235606192,-0.301029995663981,-0.301029995663981,0.477121254719662,-0.301029995663981
51,2.40996895260311,0.0565005696556829,0,2.63525198732183,2.13947586955436,0.00377794320038203,14,106,0,1.14612803567824,2.02530586526477,-0.301029995663981,0.0176294667610013,-0.301029995663981,-0.301029995663981,0,-0.301029995663981
52,2.34925621185455,0.0625966107190469,0,2.69842353722366,3.18828335277169,0.00480753390510278,14,108,0,1.14612803567824,2.03342375548695,-0.301029995663981,0.022437000666104,-0.301029995663981,-0.301029995663981,0.150514997831991,-0.301029995663981
53,2.29059198438319,0.0700360710090598,0,2.86137527860771,3.38064333273441,0.00611772104848595,15,111,0,1.17609125905568,2.04532297878666,-0.301029995663981,0.02855472171459,-0.301029995663981,-0.301029995663981,0.477121254719662,-0.301029995663981
54,2.24243605494967,0.0777700451693036,0,3.0979225257397,2.6402483353481,0.00778497760746553,15,115,0,1.17609125905568,2.06069784035361,-0.301029995663981,0.0363396993220555,-0.301029995663981,-0.301029995663981,0.602059991327962,-0.301029995663981
55,2.21190851771971,0.0848569312067098,0,3.37042884812861,1.14568575278663,0.00990661868488303,16,118,0,1.20411998265592,2.07188200730613,-0.301029995663981,0.0462463180069385,-0.301029995663981,-0.301029995663981,0.477121254719662,-0.301029995663981
56,2.20399671216037,0.0906427094346301,0.0641767074601525,3.63941332800619,0,0.012606481974947,16,122,0,1.20411998265592,2.08635983067475,-0.301029995663981,0.0588527999818855,-0.301029995663981,-0.301029995663981,0.602059991327962,-0.301029995663981
57,2.22115961486872,0.0948600305802557,0.210875304364756,3.87364218201426,0,0.0160421564500925,16.5,125,0,1.2172844520171,2.09691001300806,-0.301029995663981,0.074894956431978,-0.301029995663981,-0.301029995663981,0.477121254719662,-0.301029995663981
58,2.26340077514742,0.0976342826066845,0.399132091303929,4.05789653776579,0,0.0204141812454342,17,130.5,0,1.23044892137827,2.1156073239813,-0.301029995663981,0.0953091376774123,-0.301029995663981,-0.301029995663981,0.698970004336019,-0.301029995663981
59,2.32877908375488,0.0994069141849163,0.625930804127427,4.19617539640181,0,0.025977751729543,17.5,134.5,0,1.24286071324079,2.12871928342991,-0.301029995663981,0.121286889406955,-0.301029995663981,0,0.602059991327962,0
60,2.4142320134346,0.100803580316775,0.8941953484266,4.30932477368798,0,0.0330576161098877,18,141,0,1.25527250510331,2.14921911265538,-0.301029995663981,0.154344505516843,-0.301029995663981,0,0.698970004336019,0
61,2.51652339455347,0.102483486484841,1.21805623769928,4.42765535990057,0,0.0420670321712795,20,146.5,0,1.30102999566398,2.16583509526631,-0.301029995663981,0.196411537688123,-0.301029995663981,0,0.698970004336019,0
62,2.63311455129188,0.105005434711491,1.62696272331101,4.58058648552099,0.942729860203187,0.0535318907573877,22,150.5,0,1.34242268082221,2.17753410317443,-0.301029995663981,0.24994342844551,-0.301029995663981,0.301029995663981,0.698970004336019,0.301029995663981
63,2.76279786793565,0.108736858817541,2.16732089249051,4.78630809555895,2.81733429952811,0.0681214142124421,24,155,0,1.38021124171161,2.19033169817029,-0.301029995663981,0.318064842657952,-0.301029995663981,0.301029995663981,0.477121254719662,0.301029995663981
64,2.90601453922915,0.113817895667874,2.90063154649273,5.04459047340922,3.97671053853612,0.0866872218051571,28,160.5,0,1.44715803134222,2.20547292934389,-0.301029995663981,0.404752064463109,-0.301029995663981,0.477121254719662,0.698970004336019,0.477121254719662
65,3.06487936972556,0.120177526314591,3.89766358756829,5.33511894232566,4.06669567014679,0.110313042557547,33,167,0,1.51851393987789,2.22271647114758,-0.301029995663981,0.515065107020656,-0.301029995663981,0.602059991327962,0.778151250383644,0.602059991327962
66,3.24302422600199,0.127587008601145,5.22894126716721,5.62226265347474,3.01507490209016,0.140377977396082,37.5,171.5,0,1.5739926603419,2.23426227864985,-0.301029995663981,0.655443084416738,-0.301029995663981,0.698970004336019,0.602059991327962,0.698970004336019
67,3.44541925246385,0.135729864300995,6.95261159084158,5.86538744976886,1.0642203990791,0.178637003390662,45,181,0,1.65321251377534,2.25767857486918,-0.301029995663981,0.8340800878074,-0.301029995663981,0.845098040014257,1,0.845098040014257
68,3.67831920544273,0.144268315211193,9.10143357990761,6.03218650993448,0,0.227323419178706,55,184,0,1.74036268949424,2.26481140906672,-0.301029995663981,1.06140350698611,0.0254315902042984,0.954242509439325,0.301029995663981,0.954242509439325
69,3.94941050943643,0.152892084280014,11.6710456035814,6.11149689228914,0,0.28927921117253,65,192,1,1.81286195476288,2.28330122870355,0,1.35068271815864,0.130122837105163,1.07918124604762,0.903089986991944,1.07918124604762
70,4.26812135216465,0.161344283667493,14.6117138051889,6.12200466320799,0,0.368120949468039,79,198.5,1,1.89762709129044,2.29775913333562,0,1.71880366762668,0.23481380258813,1.14612803567824,0.81162464519895,1.14612803567824
71,4.64593633447325,0.169427583879814,17.8254035579882,6.11417371647836,0,0.468450895458219,97,205.5,1,1.98677173426624,2.31281054071245,0,2.1872545630849,0.339504513815291,1.24286071324079,0.903089986991944,1.24286071324079
72,5.09646977196687,0.17699934712498,21.1692856384133,6.16444408395865,0,0.596125640749581,118,210.5,1,2.07188200730613,2.32325087501581,0,2.78338020383448,0.444194983106368,1.32221929473392,0.778151250383644,1.32221929473392
73,5.63503385063156,0.183965510128045,24.4658033690099,6.36278850621244,0,0.758413444648184,143.5,217,2,2.15684926478016,2.33645973384853,0.301029995663981,3.54197815643861,0.548885208658042,1.41497334797082,0.845098040014257,1.41497334797082
74,6.27750928475643,0.1902799106003,27.5183559571083,6.79653544093888,2.02893283686716,0.96470810987142,169.5,225,2,2.22916781299597,2.35218251811136,0.301029995663981,4.50732992636987,0.653575174438766,1.43136376415899,0.903089986991944,1.43136376415899
75,7.03848232343261,0.195950098398901,30.1306900191715,7.53444837861507,4.63928777465766,1.2271177101996,202,231,3,2.30535136944662,2.36361197989214,0.477121254719662,5.73578565018799,0.758264849252974,1.47712125471966,0.845098040014257,1.47712125471966
76,7.9288219829463,0.201044917390808,32.1274152216437,8.61506827277339,6.27809066229949,1.56090616881646,233,239.5,4,2.36735592102602,2.37930457132987,0.602059991327962,7.29905311290492,0.862954184920056,1.49825583607709,0.977121254719662,1.49825583607709
77,8.95308340975357,0.20569571797698,33.372800684404,10.0422369293852,6.48652616377485,1.98548910483861,268,243,5,2.42813479402879,2.38560627359831,0.698970004336019,9.28490997363352,0.967486460964855,1.53147891704226,0.477121254719662,1.53147891704226
78,10.1072766020441,0.210083526322226,33.7852197387629,11.7887914503112,5.19567528857008,2.52556284497289,301.5,255,7,2.4792867192755,2.40654018043396,0.845098040014257,11.8104728186064,1.07199715775132,1.53147891704226,1.04139268515823,1.53147891704226
79,11.3775807119599,0.214408993409394,33.3452579236498,13.8071659454863,2.77800681753339,3.21254030387807,335,269.5,9,2.52504480703685,2.4305580220807,0.954242509439325,15.0230131224845,1.17650723641654,1.51851393987789,1.14612803567824,1.51851393987789
80,12.7404821206704,0.218849091850224,32.096467876744,16.0436811041939,0,4.08637704124633,367,287,12,2.56466606425209,2.45788189673399,1.07918124604762,19.1093901637308,1.28101654092291,1.50514997831991,1.20411998265592,1.50514997831991
81,14.16457301492,0.223511816658476,30.1388718073396,18.45221050955,0,5.19789335701232,397.5,296.5,15,2.5993367894184,2.47202408018808,1.17609125905568,24.3072835207431,1.38552487019929,1.48424147427697,1.04139268515823,1.48424147427697
82,15.6139074438347,0.228404738549645,27.6163801143953,21.0030309609499,0,6.61172690597257,426.5,326.5,19,2.62991873706387,2.51388267636411,1.27875360095283,30.9190104267157,1.49003196644506,1.44715803134222,1.47712125471966,1.44715803134222
83,17.0524460594274,0.233432921910926,24.7001303029817,23.6840123721202,0,8.41008660680543,451.5,352,23.5,2.65465748834467,2.54654266347813,1.3709695388646,39.3290970335211,1.59453750013515,1.38907562519182,1.38021124171161,1.38907562519182
84,18.448816852562,0.23843563476386,21.5702196088352,26.4935544601906,2.08759279580609,10.7001791496487,473,370.5,30.5,2.67486114073781,2.56878781684102,1.48424147427697,50.0266216394945,1.69904105085462,1.32221929473392,1.27875360095283,1.32221929473392
85,19.7804596142448,0.243260456995771,18.3983466771204,29.427234255977,7.6486176187137,13.6308681836996,495,408.5,39,2.69460519893357,2.61119173554861,1.5910646070265,63.633622897542,1.80354208284921,1.25527250510331,1.6232492903979,1.25527250510331
86,21.0362617642708,0.24786055643248,15.333512872002,32.4622739755705,14.2469652450322,17.3641634651479,510.5,449,50,2.70799553811632,2.65224634100332,1.69897000433602,80.9412145387391,1.90803991387207,1.20411998265592,1.57978359661681,1.20411998265592
87,22.2170437694004,0.252389814638908,12.4922563269518,35.5450318379197,20.7812424579054,22.1197655681756,520,479,62,2.7160033436348,2.68033456699385,1.79239168949825,102.955489460826,2.01253367551846,1.09656229917723,1.44715803134222,1.09656229917723
88,23.3336738654799,0.257264913651175,9.95404656472579,38.5863746804171,26.227742018113,28.1774363820879,527,522.5,78,2.72181061521255,2.71808609593477,1.89209460269048,131.06173224083,2.11738089769771,1,1.56820172406699,1
89,24.4030990049407,0.263166074561783,7.76161860693174,41.4680030096638,29.995667275558,35.8933660307708,535.5,557.5,102,2.728759285857,2.74624329973424,2.00860017176192,166.955098271601,2.22252909895153,0.903089986991944,1.53147891704226,0.903089986991944
90,25.4430586925384,0.270959458815356,5.92532294789514,44.0599581258238,32.2267225744688,45.7209660281356,541.5,593,127.5,2.73359679470591,2.7730522233049,2.10550684530191,212.676064299736,2.32766882716805,0.778151250383644,1.54406804435028,0.778151250383644
91,26.4665853509607,0.281542449408811,4.43011905377602,46.2463532662948,33.9575505963482,58.2372642693465,547.5,632.5,162,2.7383839424089,2.80106039414987,2.20951501454263,270.913328569083,2.43279776235383,0.602059991327962,1.56820172406699,0.602059991327962
92,27.4774999248236,0.295634084048421,3.24369263685276,47.9536827508593,37.0886100703752,74.1763761461735,549.5,708,208,2.73996751697217,2.85003325768977,2.31805831578399,345.089704715256,2.5379129491758,0.477121254719662,1.8750612633917,0.477121254719662
93,28.4679452769349,0.313551490484737,2.32431469726562,49.1746411425009,44.1434236495802,94.4718919865469,551,765,264,2.74115159885178,2.88366143515362,2.42160081121328,439.561596701803,2.64301062327157,0.301029995663981,1.72013960661779,0.301029995663981
94,29.4185858947338,0.335023993104783,1.62741342937246,49.980704991774,57.8490655541927,120.088040541078,554,840,333.5,2.74350905721369,2.92427805506496,2.52309535015894,559.872060232993,2.74808599020444,0.301029995663981,1.86032767827586,0.301029995663981
95,30.3015245289951,0.359095808380783,1.11029552704876,50.5188377544774,80.6117252320909,152.462059984929,554,875.5,429,2.74350905721369,2.94225551300022,2.63245729218472,713.071457924102,2.85313294425062,0,1.5910646070265,0
96,31.0853722778739,0.384154735279963,0.734920406569436,50.9911526438428,113.990071844436,193.535202376881,554.5,932.5,542.5,2.74389996144338,2.96964877805024,2.73439955806362,908.123131623394,2.95814371079755,0,1.7160033436348,0
97,31.7414007970363,0.408099947920456,0.469005404889646,51.6204081234558,158.276711513282,245.627556890173,556.5,985,692.5,2.74546499337789,2.99343063514502,2.84041966453428,1156.41560661967,3.06310839185646,0,1.74029089341458,0
98,32.2494272145288,0.428631798677676,0.285963040185528,52.6078271051796,212.281671595306,311.667314963626,557,1028,878,2.74585519517373,3.01199290917986,2.94349423421991,1468.19623823606,3.16677848317591,-0.301029995663981,1.54406804435028,-0.301029995663981
99,32.6021075736282,0.443617221362135,0.164227111383544,54.0919925384847,273.374332835309,395.366545163861,558,1075.5,1126.5,2.74663419893758,3.03160924140834,3.05173081104735,1863.53984088501,3.27033320269102,-0.301029995663981,1.64345267648619,-0.301029995663981
100,32.8066470932651,0.451462988978415,0.0864375898600436,56.1178475768028,337.789193929297,503.219575222226,558.5,1112.5,1435,2.747023003412,3.04629646675401,3.15685179561903,2364.83350757757,3.37379523570009,-0.301029995663981,1.56820172406699,-0.301029995663981
101,32.883505763725,0.451421404941894,0.0387787105152446,58.6229595115766,401.147141785878,642.10315234572,558.5,1166,1817,2.747023003412,3.066698550423,3.25935486153551,3000.16306257386,3.47713967057083,-0.301029995663981,1.68571865870205,-0.301029995663981
102,32.8623572591023,0.443761751707666,0.0105659488955538,61.4445653705458,459.099159327332,819.504975874633,558.5,1258.5,2313.5,2.747023003412,3.09985318560856,3.36426949369317,3804.87146734167,3.58033494777888,-0.301029995663981,1.95658891699523,-0.301029995663981
103,32.7761895749363,0.429764995077452,0,64.3463296412889,507.973440706735,1040.39200772608,559,1332,2872,2.74741180788642,3.12450226658576,3.45818419863582,4829.79052007248,3.68392578267636,-0.301029995663981,1.90848501887865,-0.301029995663981
104,32.6548667560363,0.411534152512534,0,67.0592965425707,545.305445206012,1324.39812245072,559.5,1388,3429,2.74779991744631,3.14238845169626,3.53516748511494,6144.70824251621,3.78850126693389,-0.301029995663981,1.74427535825022,-0.301029995663981
105,32.5195968014357,0.391650945602762,0,69.3282897826484,570.153873179158,1683.71661610563,560,1447,3999,2.74818733457129,3.16046842740982,3.60195134981955,7838.4991397467,3.89423291501548,-0.301029995663981,1.74036268949424,-0.301029995663981
106,32.379537141096,0.372742364003792,0,70.9538035640326,583.14879708789,2136.93163614276,560.5,1536.5,4557.5,2.74857544413118,3.18653254159762,3.65872665380451,9964.56973737966,3.99845855093255,-0.301029995663981,1.90305605508455,-0.301029995663981
107,32.2312633462724,0.357040974970785,0,71.8205576493499,586.271836118003,2697.57605359343,560.5,1621,5115.5,2.74857544413118,3.20978169261065,3.70888803713885,12656.267821532,4.10230565643353,-0.301029995663981,1.93951925261862,-0.301029995663981
108,32.0611479738503,0.346025356319041,0,71.9071025564741,582.420767411162,3379.06548206057,561,1710,5678,2.74896217128763,3.23299492220934,3.75419532757121,16074.4130183662,4.20613512296242,-0.301029995663981,1.93700885193109,-0.301029995663981
109,31.8500074639827,0.340210993466663,0,71.2753866965559,574.851203411422,4218.5092673448,561,1764,6224.5,2.74896217128763,3.24648853163732,3.79410435778248,20376.6116478201,4.30913196843408,-0.301029995663981,1.78174054269721,-0.301029995663981
110,31.5788430644753,0.339130682276135,0,70.0439327436202,566.607728417278,3750.02619610763,562,1822,6763.5,2.74973631556906,3.2605430741986,3.83017146469404,24209.1629621411,4.38397977386108,-0.301029995663981,1.79239168949825,-0.301029995663981
111,31.2342573011578,0.341503761571771,0.00680836027798259,68.3520541988483,560.052654996202,3534.06778021803,562,1868.5,7330.5,2.74973631556906,3.271487488851,3.86513358899164,27825.8364574407,4.44444822829482,-0.301029995663981,1.7160033436348,-0.301029995663981
112,30.8122313197003,0.345554169190356,0.0166466345330563,66.3244451643348,556.574161634109,3422.35060526592,563,1940.5,7901,2.7505077097762,3.28791247931705,3.89768205831793,31314.5327436354,4.49574593580821,-0.301029995663981,1.8750612633917,-0.301029995663981
113,30.3193754674134,0.349407104010618,0.0228272701328553,64.0450337133516,556.513626186136,3389.07142538415,563.5,2005.5,8472,2.75089374941734,3.3022226528203,3.92798594407403,34703.6041690195,4.54037458111459,-0.301029995663981,1.81622864609236,-0.301029995663981
114,29.7714100128111,0.351479607003913,0.0236733707251384,61.5463251303265,559.304248237928,3418.60811897996,564,2077,9032.5,2.75127842133539,3.3174364965351,3.95580796425152,38122.2122879995,4.58117809544457,-0.301029995663981,1.84197356537576,-0.301029995663981
115,29.1893338820449,0.350784629378421,0.0187413737939696,58.8162571814201,563.770175926733,3493.65540328809,564.5,2130,9590,2.75166377590139,3.32837941198877,3.98181860480955,41615.8676912876,4.61925895410797,-0.301029995663981,1.68124123737559,-0.301029995663981
116,28.5943201892527,0.347089808898352,0.00905565742789161,55.8199159608032,568.506359084513,3597.80469307068,565,2198,10152,2.75204844781944,3.34202750830013,4.00655160908665,45213.6723843582,4.65526978311236,-0.301029995663981,1.83567900172175,-0.301029995663981
117,28.002690499503,0.340905947515514,0,52.5295084717695,572.249726795359,3718.01209955764,565,2267,10717,2.75204844781944,3.35545152012652,4.0300732136968,48931.6052825107,4.68958946374482,-0.301029995663981,1.83250891270624,-0.301029995663981
118,27.4222842455217,0.333318132288607,0,48.9537672500466,574.162884617374,3850.87791456963,566.5,2289.5,11267,2.75319974504059,3.3597401403946,4.05180827892207,52776.3386963872,4.72243925820102,-0.301029995663981,1.38907562519182,-0.301029995663981
119,26.8511628647688,0.32570586622458,0,45.1580461115288,573.978592848118,3984.64166318012,566.5,2346,11832,2.75319974504059,3.37032765268728,4.07305806171883,56748.4693995246,4.75395415237961,-0.301029995663981,1.69897000433602,-0.301029995663981
120,26.2789651441642,0.319420071587689,0,41.26874331502,571.989564519554,4115.52709335121,567,2393.5,12377.5,2.75358305889291,3.37903334653348,4.09263291764053,60844.828504714,4.7842236713531,-0.301029995663981,1.70748667398541,-0.301029995663981
121,25.6905208977999,0.315489994200289,0,37.4597640929495,568.904708706414,4241.19980576193,568,2422.5,12929.5,2.75434833571102,3.38426377647227,4.11158173016745,65059.952931715,4.81331374475119,-0.301029995663981,1.48424147427697,-0.301029995663981
122,25.0707192731105,0.314421430873154,0,33.9234778992909,565.621450557804,4360.16139932871,568,2459.5,13496.5,2.75434833571102,3.39084609997569,4.13022114442797,69386.9398613322,4.84127773443303,-0.301029995663981,1.49136169383427,-0.301029995663981
123,24.4092781975437,0.316122824238016,0.00218701048326525,30.8328293198908,562.978230124142,4471.357715925,569,2487,14066.5,2.75511226639507,3.39567452138799,4.14818605026795,73817.902736422,4.86816170215823,-0.301029995663981,1.41497334797082,-0.301029995663981
124,23.7040704334908,0.319964101370468,0.0143350042465116,28.3038458200348,561.549451046036,4573.9514479949,569,2520,14643.5,2.75511226639507,3.40140040400445,4.16564488926752,78344.1957886584,4.8940068268374,-0.301029995663981,1.50514997831991,-0.301029995663981
125,22.9620354376919,0.324942482674775,0.0227495502814484,26.3680718365686,561.528746209305,4667.20486394376,569.5,2537.5,15181.5,2.75549356103378,3.40440604249021,4.18131468367828,82956.5186066108,4.9188505179511,-0.301029995663981,1.17609125905568,-0.301029995663981
126,22.1973551612575,0.329907063663592,0.025112732334098,24.962342229673,562.72051277041,4750.42973876192,570,2566,15756,2.75587485567249,3.40925661905964,4.19744596426475,87644.968606706,4.94272698980731,-0.301029995663981,1.50514997831991,-0.301029995663981
127,21.4273314694153,0.33378466079637,0.0207085689462541,23.9392863051643,564.631216368278,4823.895599614,571,2582.5,16319.5,2.75663610824585,3.41204025693346,4.21270677503851,92399.0794932103,4.96566764467237,-0.301029995663981,1.09656229917723,-0.301029995663981
128,20.6670738105498,0.335754679163773,0.0106460839157311,23.097003654597,566.628055544382,4870.92792827523,571,2614,16867,2.75663610824585,3.41730545612763,4.22703784416696,97207.8651885604,4.98770140556207,-0.301029995663981,1.41497334797082,-0.301029995663981
129,19.9245049074002,0.335338426933397,0,22.2216886573982,568.11867979161,4909.63026871571,571,2651,17434,2.75663610824585,3.42340923335942,4.24139704164965,102059.877796919,5.00885504398685,-0.301029995663981,1.51851393987789,-0.301029995663981
130,19.1972003767615,0.332393231240966,0,21.133750260738,568.704395319163,4937.39916361836,571,2669,17967,2.75663610824585,3.42634854330454,4.25447556511318,106943.282070447,5.02915350838983,-0.301029995663981,1.23044892137827,-0.301029995663981
131,18.4721733213169,0.327027199031855,0,19.726976230814,568.270001421099,4954.92246256498,571,2700,18528,2.75663610824585,3.43136373437198,4.26782853951713,111849.53402503,5.04863417912751,-0.301029995663981,1.47712125471966,-0.301029995663981
132,17.7289817920853,0.319469983635634,0,17.9917783058899,566.992493343755,4966.20625888415,571,2723.5,19073.5,2.75663610824585,3.43512737229036,4.28043037563064,116856.309507016,5.06765216653657,-0.301029995663981,1.45477801462059,-0.301029995663981
133,16.9456495966047,0.309943743403685,0,16.0171718817428,565.272929802431,4959.96369055777,571.5,2734,19622.5,2.75701606851944,3.4367985102318,4.29275402631011,121861.54578161,5.0858666827345,-0.301029995663981,1.04139268515823,-0.301029995663981
134,16.1060718219449,0.29857483298083,0,13.9710203174694,563.615020954151,4946.210088205,572,2743.5,20176,2.75739536510662,3.43830495731962,4.30483497907792,126852.17050759,5.10329790262913,-0.301029995663981,0.954242509439325,-0.301029995663981
135,15.2070423034589,0.285372162432064,0.00321100694915505,12.0630406414917,562.485786083528,4921.5160244886,572,2753.5,20736.5,2.75739536510662,3.43988507365712,4.31673544987083,131815.240831325,5.1199656274528,-0.301029995663981,0.903089986991944,-0.301029995663981
136,14.2629467625376,0.270276904195578,0.0161170506429639,10.4989453687196,562.195515259581,4884.40746666276,573,2763.5,21311.5,2.7581539605955,3.44145929120628,4.32861401254797,136738.078610545,5.13588947307243,-0.301029995663981,1.02069634257911,-0.301029995663981
137,13.3065652901468,0.253266238391296,0.0247656699583143,9.4359825287413,562.826490459689,4835.24402276626,573.5,2771.5,21864,2.75853325718268,3.442714875861,4.33972960732835,141608.402066385,5.15108902215893,-0.301029995663981,0.778151250383644,-0.301029995663981
138,12.3852534811141,0.234477055532502,0.0267094015603691,8.949622957716,564.22517382037,4769.6086246159,573.5,2773.5,22425.5,2.75853325718268,3.44302816315756,4.35074208726964,146414.450403287,5.16558394161791,-0.301029995663981,0.602059991327962,-0.301029995663981
139,11.5528458934962,0.214308431901205,0.0213022524536908,9.01840231848974,566.055147567838,4688.90248564409,573.5,2790.5,22990.5,2.75853325718268,3.44568185256349,4.3615484163549,151145.098300844,5.17939406738937,-0.301029995663981,1.07918124604762,-0.301029995663981
140,10.8587013145369,0.193466086401286,0.00990903030978063,9.52965438899545,567.892675451578,4598.27557106183,575,2805,23536,2.75966784468963,3.4479318720368,4.37173265185543,155789.957633753,5.19253945921067,-0.301029995663981,1,-0.301029995663981
141,10.3361262622628,0.172926705435545,0,10.3041162847351,569.337187830046,4498.58428020152,575,2809.5,24109,2.75966784468963,3.44862787411518,4.38217919658666,160339.464299556,5.20504042826888,-0.301029995663981,0.778151250383644,-0.301029995663981
142,9.99276048877958,0.153821094794289,0,11.1332725241554,570.107323852827,4390.74571380744,575.5,2812,24653.5,2.76004516405642,3.44901462981011,4.39187856867208,164784.948607809,5.216917540886,-0.301029995663981,0.602059991327962,-0.301029995663981
143,9.8052773286477,0.137257061245493,0,11.8207683072645,570.099243127573,4275.72029741799,576,2836,25219,2.76042248342321,3.45270555154402,4.40172786028879,169118.688283802,5.22819160150713,-0.301029995663981,1.23044892137827,-0.301029995663981
144,9.7199656980817,0.124120025708497,0,12.2187864970555,569.395575700673,4154.4943469374,577,2862,25774,2.76117581315573,3.45666952338243,4.41118180326182,173333.943738315,5.23888361830965,-0.301029995663981,1.40645667832143,-0.301029995663981
145,9.65957338221063,0.114897181193562,0,12.2519481647493,568.227129154693,4028.06311698733,577,2873.5,26339.5,2.76117581315573,3.45841119489508,4.42060752458062,177424.975825736,5.24901475472803,-0.301029995663981,0.903089986991944,-0.301029995663981
146,9.53545572777306,0.109567476079456,0,11.924562354385,566.901527882389,3897.41481056562,577.5,2890.5,26899.5,2.76155182578813,3.46097291523335,4.42974420686402,181387.046832282,5.25860627009937,-0.301029995663981,1.34242268082221,-0.301029995663981
147,9.26288543933162,0.107585649650281,0.00610277710177601,11.3110583257174,565.720260083738,3763.51595016659,578,2905.5,27478,2.76192783842053,3.46322035889429,4.43898511890874,185216.405884384,5.26767945248358,-0.301029995663981,0.903089986991944,-0.301029995663981
148,8.77660861736974,0.107967428065875,0.0201691049615247,10.5331927925475,564.906588827501,3627.29842137807,579,2914,28023.5,2.76267791599173,3.46448791078014,4.44752234513844,188910.260330129,5.27625554650704,-0.301029995663981,1.04139268515823,-0.301029995663981
149,8.04356268044344,0.109459989930672,0.0289724059596801,9.73026267495283,564.561700527148,3489.6484059241,579,2920.5,28587.5,2.76267791599173,3.46545613493388,4.45617616266882,192466.734915736,5.28435567882671,-0.301029995663981,0.698970004336019,-0.301029995663981
150,7.07015551774007,0.110762524250714,0.0299037408954553,9.02952298877195,564.657201446453,3351.39732780217,579.5,2927,29144,2.76305198540543,3.46642148047784,4.46454915721124,195884.820752091,5.29200078352399,-0.301029995663981,0.845098040014257,-0.301029995663981
151,5.90254937818135,0.110750733349335,0.0224618675045554,8.5232046671973,565.061517919552,3215.80255834475,579.5,2933,29705,2.76305198540543,3.46731082610072,4.47282950134229,199164.316146542,5.29921152942465,-0.301029995663981,0.698970004336019,-0.301029995663981
152,4.61977941911997,0.108658974623395,0.00845786220710089,8.25628593634008,565.588933893629,3082.82861210822,579.5,2945.5,30268,2.76305198540543,3.46915872047165,4.48098371012618,202305.761370518,5.30600825101497,-0.301029995663981,1.1901056208558,-0.301029995663981
153,3.32097011539054,0.104184206115426,0,8.22616251897031,566.055219087955,2950.98853095478,580,2961,30813,2.76342541153521,3.47143830832034,4.48873385220172,205338.344273301,5.31247005580689,-0.301029995663981,0.954242509439325,-0.301029995663981
154,2.10908631192022,0.0974942539698389,0,8.39239781773024,566.324049235293,2820.84241291888,581.5,2966,31369,2.76454827416098,3.47217112200856,4.49650061772284,208056.132418359,5.31818052107203,-0.301029995663981,0.602059991327962,-0.301029995663981
155,1.07432040348829,0.0891445853714071,0,8.69255280345071,566.333161976089,2692.88460964996,581.5,2967,31933,2.76454827416098,3.47231744764816,4.50423970374106,210640.579951457,5.32354204183183,-0.301029995663981,0.301029995663981,-0.301029995663981
156,0.280236357608126,0.0799275308774514,0,9.05917776164118,566.096618408421,2567.54451336879,582,2972,32498.5,2.76492234357467,3.47304858383031,4.51186331363697,213102.062884593,5.32858765382053,-0.301029995663981,0.778151250383644,-0.301029995663981
157,0,0.0706911872922886,0,9.43351054749362,565.687168865443,2445.18843109435,582.5,2981.5,33056,2.76529576970445,3.4744348075748,4.51925029010197,215443.868229499,5.33333413809954,-0.301029995663981,0.954242509439325,-0.301029995663981
158,0,0.0621692219723083,0,9.77301356798091,565.208170744055,2326.12234410391,582.5,2999.5,33631.5,2.76529576970445,3.4770485706132,4.52674621234406,217669.535426191,5.3377976503451,-0.301029995663981,1.27875360095283,-0.301029995663981
159,0,0.054857033485253,0.0118019813054409,10.0520599629233,564.766209986211,2210.59535546203,583,3012,34184.5,2.76566791588114,3.47885487178623,4.53382920749416,219782.80310477,5.34199370806525,-0.301029995663981,1.11394335230684,-0.301029995663981
160,0,0.0489561247271031,0.0285243405875427,10.2571949100464,564.453232421643,2098.80364004056,583.5,3021,34754,2.76603942536603,3.48015072527328,4.54100478797163,221787.560124572,5.34593718328851,-0.301029995663981,0.977121254719662,-0.301029995663981
161,0,0.0443908383092903,0.0379578973568576,10.3798622810578,564.341613448911,1990.89472792588,583.5,3040.5,35307.5,2.76603942536603,3.48294486094247,4.54786695206508,223687.801081514,5.34964230029045,-0.301029995663981,1.20411998265592,-0.301029995663981
162,0,0.0408843172452106,0.0369937401922275,10.4099332642121,564.489176412871,1886.97197175586,584,3046,35847,2.7664122104206,3.48372968836177,4.55445280216085,225522.762021749,5.35319037893642,-0.301029995663981,0.539590623023812,-0.301029995663981
163,0.11203325648901,0.0380678560395677,0.0252681453837448,10.3327458827906,564.946040188401,1787.09906983321,584.5,3051.5,36415.5,2.76678435659729,3.48451308862307,4.56128627242212,227324.044151053,5.35664535092851,-0.301029995663981,0.903089986991944,-0.301029995663981
164,0.203994650110469,0.0355924917070024,0.00543563358978373,10.1309167641903,565.753258754062,1691.30453854971,585,3059.5,36963,2.76715523156525,3.48564998776957,4.56776720657131,229027.744918223,5.35988803857728,-0.301029995663981,0.954242509439325,-0.301029995663981
165,0.216806751848094,0.0332145420480034,0,9.79039768825731,566.925405647611,1599.58604872268,585.5,3066.5,37523.5,2.76752674105014,3.48664250140266,4.57430334032397,230638.07172386,5.36293089208737,-0.301029995663981,0.903089986991944,-0.301029995663981
166,0.163736454334531,0.0308365244844162,0,9.30867784711623,568.415104729525,1511.91456014403,585.5,3088.5,38091.5,2.76752674105014,3.48974664386927,4.58082807049391,232159.199598767,5.36578573389231,-0.301029995663981,1.30102999566398,-0.301029995663981
167,0.07174099907993,0.0284985219570289,0,8.70215497327333,570.065309085246,1428.23820646888,586.5,3094,38636.5,2.76826785863285,3.49051919785971,4.58699777154754,233595.247437291,5.36846377404993,-0.301029995663981,0.778151250383644,-0.301029995663981
168,0,0.0263288269721696,0,8.00977514311495,571.562392526749,1348.48589823067,587,3104.5,39169,2.76863747104711,3.49199003634669,4.59294247251571,234950.25804808,5.37097562788313,-0.301029995663981,1.04139268515823,-0.301029995663981
169,0,0.0244730068206482,0,7.2910476036446,572.407303011932,1272.57062513921,587.5,3110.5,39745,2.76900771366188,3.49282952675656,4.59928249912032,236228.181697416,5.37333133539649,-0.301029995663981,0.602059991327962,-0.301029995663981
170,0,0.0230249126211096,0,6.6181793615717,571.921321895489,1200.32596145394,588,3113,40293.5,2.76937732607614,3.49317856049085,4.60523499135603,237454.630842157,5.37558025204213,-0.301029995663981,0.602059991327962,-0.301029995663981
171,0,0.0219808109224275,0.0282972372642095,6.06386195757196,569.296894320933,1130.49735971057,588,3118.5,40860.5,2.76937732607614,3.49394529623115,4.61130367639225,238572.857289629,5.37762072804327,-0.301029995663981,0.845098040014257,-0.301029995663981
172,0,0.0212297676480241,0.0528017712031721,5.68765223206161,563.69363278707,1064.32934160456,589,3125.5,41413.5,2.7701152947871,3.4949192309363,4.61714192665428,239623.378870106,5.37952896117416,-0.301029995663981,0.778151250383644,-0.301029995663981
173,0,0.0205821360210062,0.0641028626566685,5.52449754006244,554.367405546713,1001.68656663816,589.5,3127.5,41980.5,2.77048365321462,3.49519717961327,4.62304760682034,240612.566004379,5.38131814029752,-0.301029995663981,0.477121254719662,-0.301029995663981
174,0.0391104618983416,0.0198267090744443,0.0567803965320357,5.57856634839125,540.809624822595,942.430137022376,589.5,3132,42540.5,2.77048365321462,3.49582139920011,4.62880258764946,241543.706387814,5.38299561102047,-0.301029995663981,0.539590623023812,-0.301029995663981
175,0.0886427343468476,0.0187988706588186,0.0299490393235018,5.82424141423706,522.86757557808,886.419262711296,590,3146.5,43040,2.77085138783418,3.49782575661756,4.63387226160333,242419.952213804,5.38456828446626,-0.301029995663981,1.04139268515823,-0.301029995663981
176,0.109396906575071,0.0174390489115407,0,6.2142577070623,500.817032802406,833.51267479445,590.5,3150,43549,2.7712197462617,3.49830878115183,4.63897816114838,243244.319730695,5.38604265939809,-0.301029995663981,0.477121254719662,-0.301029995663981
177,0.0984261716923864,0.0158236032446415,0,6.69302922434263,475.366039295517,783.569811869842,591.5,3159,44020,2.77195459380209,3.49954823327296,4.64365003776909,244019.689914996,5.38742484384696,-0.301029995663981,0.778151250383644,-0.301029995663981
178,0.0615127856254127,0.0141580284660819,0,7.21174214158974,447.582223346073,736.451803556352,592,3167,44461.5,2.77232170672292,3.50064700251862,4.64798411017911,244748.810072009,5.38872057613767,-0.301029995663981,0.903089986991944,-0.301029995663981
179,0.0108326485253255,0.0127328176043607,0,7.74120982601053,418.752472350894,692.022274323598,592,3176.5,44850.5,2.77232170672292,3.50194842387646,4.65176728895916,245434.296196317,5.38993524523162,-0.301029995663981,0.845098040014257,-0.301029995663981
180,0,0.0118526100778078,0,8.27896713061116,390.199262201889,650.147989479199,592,3185.5,45258,2.77232170672292,3.50317756126968,4.65569535640336,246078.635944724,5.3910739103262,-0.301029995663981,0.903089986991944,-0.301029995663981
181,0,0.0117566100911038,0,8.84852094084524,363.088628903545,610.699363587803,592.5,3198.5,45627.5,2.77268820004359,3.5049463072958,4.6592266706153,246673.013257382,5.39212163901348,-0.301029995663981,1.11394335230684,-0.301029995663981
182,0,0.0125507850346361,0.0985897274204964,9.49070626358456,338.267843980345,573.550849906414,593,3213,45974.5,2.77305469336426,3.50691019968757,4.66251701449415,247221.150407054,5.39308562301929,-0.301029995663981,1.11394335230684,-0.301029995663981
183,0,0.0141694623921987,0.255311911600319,10.2491945335315,316.165291492045,538.581227686809,593,3219.5,46281.5,2.77305469336426,3.50778779569931,4.66540741274049,247764.679928367,5.39403939564172,-0.301029995663981,0.845098040014257,-0.301029995663981
184,0,0.0163764917408057,0.438294924553308,11.1538119873955,296.771917862964,505.673802478193,594,3226.5,46603,2.77378644498119,3.50873124705042,4.66841382627048,248284.279650495,5.39494922266702,-0.301029995663981,0.845098040014257,-0.301029995663981
185,0,0.0188061530684743,0.627629254801114,12.2060217274495,279.705899281709,474.716532905308,595,3238,46873.5,2.77451696572855,3.51027582957702,4.67092738306528,248772.331746618,5.39580207683085,0,1.07918124604762,0
186,0.0363851829806358,0.0210341076233731,0.800851513181309,13.3705098946144,264.343992414584,445.602095828861,596.5,3251,47153,2.7756102954348,3.51201565456906,4.67350931711172,249230.695127188,5.39660152877133,0,1.07918124604762,0
187,0.0630370188331604,0.0226614391386799,0.936604030604513,14.5753869127536,249.988714956731,418.227900335421,597.5,3260.5,47412,2.77633775755889,3.5132827287512,4.67588827534267,249661.126774321,5.39735092624535,0,1.09656229917723,0
188,0.0709698988541558,0.023392003693465,1.01815697794344,15.7214241314239,236.033447072591,392.496059663363,597.5,3272,47636,2.77633775755889,3.51481199689675,4.67793528314282,250065.286262339,5.39805340771979,0,1.04139268515823,0
189,0.059229482193678,0.0230854846103772,1.0361234002705,16.6985197305795,222.089394315091,368.31332895405,597.5,3298,47836.5,2.77633775755889,3.51824865487426,4.67975939259209,250444.740239754,5.39871191520765,0,1.30102999566398,0
190,0.0321800527576557,0.0217750182367891,0.989863327222076,17.4057850677575,208.048570513258,345.591015622671,599,3324,48040.5,2.77742682238931,3.52165975730649,4.68160747930048,250800.966842924,5.39932920637613,0,1.4231685560649,0
191,0,0.019647225591148,0.887339807089965,17.7707143092744,194.072965449626,324.244868166703,599.5,3345.5,48232,2.77778903638648,3.5244609129569,4.68333526628347,251135.360017618,5.39990786595612,0,1.32221929473392,0
192,0,0.0169915885066581,0.743498947373119,17.7630740590232,180.517884701674,304.194948365606,600.5,3358.5,48410.5,2.77851286119319,3.52614523231307,4.68493953297161,251449.233729815,5.40045031648341,0,1.04139268515823,0
193,0,0.0141330422575114,0.577531636061007,17.4003753797927,167.812722966332,285.365491065209,601.5,3383.5,48576.5,2.77923548163028,3.52936408958543,4.68642618512193,251743.826051475,5.4009588284028,-0.301029995663981,1.36172783601759,-0.301029995663981
194,0,0.0113647676524172,0.409577344446512,16.7437565749251,156.331496170658,267.684755075661,601.5,3405,48731,2.77923548163028,3.53211591757433,4.68780528322518,252020.303110671,5.40143552956624,-0.301029995663981,1.20411998265592,-0.301029995663981
195,0,0.00889685699511222,0.257510862582661,15.8853212858984,146.286261295361,251.084868134023,601.5,3437,48893,2.77923548163028,3.53617863141219,4.689246665291,252279.762898601,5.40188241415624,0,1.41497334797082,0
196,0,0.00683136824278559,0.134399377791519,14.9299007631573,137.669147598209,235.501668382619,602,3439,49027.5,2.77959649125782,3.53643127614434,4.69043974183063,252523.238928598,5.40230135106477,-0.301029995663981,0.477121254719662,-0.301029995663981
197,0.00474279037539216,0.0051668057113536,0.0470476538244211,13.97538428011,130.255213631235,220.874544383808,603.5,3450,49163.5,2.78067712538064,3.53781843829424,4.69164279208416,252751.703744403,5.40269409175779,-0.301029995663981,1.11394335230684,-0.301029995663981
198,0.0311163515247226,0.00382733415883127,0,13.0959268739318,123.662318263789,207.146275322757,603.5,3461,49295.5,2.78067712538064,3.53920094668331,4.69280727220834,252966.072276773,5.40306227765393,-0.301029995663981,0.954242509439325,-0.301029995663981
199,0.0477957849699864,0.00270606948012611,0,12.3314937487702,117.449779573948,194.262872734734,604,3478,49426.5,2.78103693862113,3.5413292904462,4.69395985639492,253167.205048908,5.40340744704539,-0.301029995663981,1.17609125905568,-0.301029995663981
200,0.0507734057774318,0.00170905037782125,0,11.6855792869615,111.228400748964,182.173424825636,604,3492.5,49545.5,2.78103693862113,3.54313619670524,4.69500419943174,253355.911232407,5.40373104158768,-0.301029995663981,1.07918124604762,-0.301029995663981
201,0.0399104821234483,0.000787514184926119,0,11.130968063431,104.752642102674,170.829944227685,604,3500.5,49648.5,2.78103693862113,3.54413004211517,4.69590612823205,253532.95155637,5.40403441238369,-0.301029995663981,1.02069634257911,-0.301029995663981
202,0.0187843739603961,0,0.00822895127333334,10.6215751923912,97.9715311833854,160.18721984113,604.5,3509,49746.5,2.7813961566368,3.54518335057991,4.69676253060438,253699.041073003,5.40431882568649,-0.301029995663981,0.954242509439325,-0.301029995663981
203,0,0,0.0206164699765146,10.1071460477747,91.02657980446,150.202673252346,605.5,3520,49842.5,2.78211399940938,3.54654259337635,4.6975998164683,253854.851783692,5.40458546824387,-0.301029995663981,1,-0.301029995663981
204,0,0,0.025003858552564,9.54718111489732,84.1993012060048,140.836220084677,605.5,3535.5,49932,2.78211399940938,3.54845048979444,4.69837895313101,254001.01512988,5.40483545230665,-0.301029995663981,1.07918124604762,-0.301029995663981
205,0,0,0.0210234596138856,8.92092922662625,77.8240782272508,132.050136527014,606,3546,50015,2.78247262416629,3.54973857584038,4.69910026610989,254138.124353454,5.40506982032137,-0.301029995663981,1.04139268515823,-0.301029995663981
206,0,0,0.0109372105002175,8.23148842367934,72.1907199190893,123.808931192969,607,3556,50094.5,2.78318869107526,3.55096173512578,4.69979003667102,254266.736731513,5.40528954932698,-0.301029995663981,0.954242509439325,-0.301029995663981
207,0,0,0,7.50362806776416,67.4629433190379,116.07922238787,607.5,3568.5,50170,2.783546135174,3.55248559451606,4.70044409887097,254387.375690545,5.40549555507396,-0.301029995663981,1,-0.301029995663981
208,0,0,0,6.77648668020789,63.6339251806874,108.829620799146,608,3573,50227.5,2.78390357927274,3.55303294816494,4.70094156058488,254500.532805088,5.40568869588326,-0.301029995663981,0.602059991327962,-0.301029995663981
209,0.0075109457699396,0.000327709547566363,0,6.09343095115364,60.5295290436319,102.030617575746,609,3578.5,50285,2.78461729263288,3.55370081382506,4.70143845369146,254606.66968597,5.40586977626136,-0.301029995663981,0.477121254719662,-0.301029995663981
210,0.0267532093609877,0.000835105352746529,0,5.49183452009522,57.8567678912799,95.6544777223936,610,3583.5,50347,2.78532983501077,3.55430737075842,4.70197358310802,254706.219763179,5.40603955028692,-0.301029995663981,0.778151250383644,-0.301029995663981
211,0.0380179665573884,0.00111081563100435,0,4.99528528982564,55.2830419968988,89.6751387029093,610,3586.5,50405.5,2.78532983501077,3.55467072966166,4.70247791580379,254799.589968333,5.40619872478328,-0.301029995663981,0.602059991327962,-0.301029995663981
212,0.0385932201927038,0.00109326033814497,0,4.60987919457687,52.5238667219697,84.0681141223924,610,3591,50457.5,2.78532983501077,3.55521533776894,4.70292572629866,254887.162321639,5.40634796229047,-0.301029995663981,0.602059991327962,-0.301029995663981
213,0.0287430661200853,0.000795564495307211,0.00346506650543943,4.32507144234177,49.415154381692,78.8104023394321,610,3596.5,50505.5,2.78532983501077,3.55587995971293,4.70333867475062,254969.295428084,5.40648788384948,-0.301029995663981,0.698970004336019,-0.301029995663981
214,0.0115186122488246,0.000301852612636738,0.0111155615404548,4.11836329844268,45.9509246722827,73.8628634045716,610,3601,50549.5,2.78532983501077,3.5564231046254,4.70371686419232,255046.325887492,5.40661907161047,-0.301029995663981,0.778151250383644,-0.301029995663981
215,0,0,0.0150865259789118,3.96220872216809,42.2771445540694,69.2213289821349,611,3605,50593,2.78604121024255,3.55690526905545,4.70409043233454,255118.569622879,5.40674207127633,-0.301029995663981,0.698970004336019,-0.301029995663981
216,0,0,0.014620889153787,3.83113385243671,38.6444869357708,64.8706265445573,611,3608.5,50630,2.78604121024255,3.55732667211201,4.70440792526907,255186.323131447,5.40685739439194,-0.301029995663981,0.477121254719662,-0.301029995663981
217,0,0,0.0102232949582786,3.70722926322505,35.3338476098811,60.7926377873541,611,3611.5,50662,2.78604121024255,3.55768761503415,4.7046823302369,255249.864662319,5.40696552048892,-0.301029995663981,0.301029995663981,-0.301029995663981
218,0,0,0.00340976025987072,3.58280520355115,32.5755205336085,56.9703599468724,611.5,3618,50702.5,2.78639631619406,3.5584685625238,4.70502937116548,255309.455325002,5.40706689909501,-0.301029995663981,0.477121254719662,-0.301029995663981
219,0,0,0,3.45988474891276,30.4841849652981,53.3878388064374,612.5,3621.5,50728.5,2.78710594833199,3.55888848539753,4.70525200759211,255365.340132373,5.4071619516168,-0.301029995663981,0.477121254719662,-0.301029995663981
220,0,0,0,3.34709018148933,29.0270861385065,50.0301055035521,613,3628.5,50752,2.78746047451842,3.55972662850328,4.705453133987,255417.74898181,5.4072510731037,-0.301029995663981,0.698970004336019,-0.301029995663981
221,0.00855456517210773,0.000234918465304157,0,3.25511875345476,28.0334051826035,46.8863996107289,614.5,3632,50784.5,2.78852174345829,3.56014557646899,4.70573116779679,255466.897577923,5.40733463390082,-0.301029995663981,0.698970004336019,-0.301029995663981
222,0.0233126047733183,0.000675416864926115,0,3.19225466233116,27.2414434404449,43.9923497511833,615.5,3634.5,50814,2.78922791396992,3.56044457045188,4.70598337912941,255512.988300194,5.40741298119768,-0.301029995663981,0.477121254719662,-0.301029995663981
223,0.0313037319612577,0.000925913996530581,0,3.16119278205802,26.3700088380992,41.2765802116982,616,3637,50839,2.78958071216443,3.56074323539065,4.7061969910187,255556.211018641,5.40748644047945,-0.301029995663981,0.477121254719662,-0.301029995663981
224,0.0306037771745167,0.000923994809772954,0,3.15794284156299,25.1940435471786,38.7281514303478,616,3639.5,50865,2.78958071216443,3.5610416868307,4.70641904044079,255596.743860495,5.40755531688688,-0.301029995663981,0.301029995663981,-0.301029995663981
225,0.0216846781540805,0.000675665537483938,0.00363133659903347,3.17291174148764,23.603727923386,36.3367898772163,616,3642,50886.5,2.78958071216443,3.56133967952321,4.7066025783629,255634.753930702,5.40761989649064,-0.301029995663981,0.301029995663981,-0.301029995663981
226,0.00720848946006369,0.000252398370209433,0.00788348368064651,3.19362899282836,21.631160131437,34.0928481497538,616.5,3645.5,50907.5,2.78993293809883,3.56175700044915,4.70678176739871,255670.39798894,5.40768044748557,-0.301029995663981,0.602059991327962,-0.301029995663981
227,0,0,0.00972220288414616,3.20816058354274,19.4378284092047,31.9872673781365,616.5,3648,50928,2.78993293809883,3.56205468280186,4.70695661449542,255703.823085666,5.40773722130986,-0.301029995663981,0.301029995663981,-0.301029995663981
228,0,0,0.00882995852504653,3.20815001516469,17.2669147992839,30.0115418173236,616.5,3658,50946,2.78993293809883,3.5632437011404,4.70711008992586,255735.167159616,5.40779045369391,-0.301029995663981,0.778151250383644,-0.301029995663981
229,0,0,0.00563826487419994,3.19063496215007,15.3740227269137,28.1576855076759,616.5,3659,50965,2.78993293809883,3.56336240948661,4.70727202445158,255764.559599009,5.40784036564336,-0.301029995663981,0.301029995663981,-0.301029995663981
230,0,0,0.00115905762697355,3.15822613858805,13.9556209382591,26.4182008911689,618,3662.5,50978.5,2.79098790652668,3.56377762931511,4.70738705003943,255792.121768598,5.40788716436033,-0.301029995663981,0.602059991327962,-0.301029995663981
231,0,0,0,3.11775474006151,13.0948437309066,24.7860492753474,618,3666.5,50994,2.79098790652668,3.56425165298756,4.70751907661754,255817.967504614,5.40793104410695,-0.301029995663981,0.477121254719662,-0.301029995663981
232,0,0,0,3.07793712720482,12.7392611394217,23.2546230422131,618.5,3668.5,51005.5,2.79133956205447,3.56448842256509,4.70761700672718,255842.203579486,5.40797218701461,-0.301029995663981,0.301029995663981,-0.301029995663981
233,0.00883368187690525,0.000228574344827093,0,3.04684560896763,12.7162763835287,21.8177195041666,619,3670.5,51021,2.79169008229353,3.56472512767164,4.70774896342727,255864.930138166,5.40801076384258,-0.301029995663981,0.477121254719662,-0.301029995663981
234,0.0205968086221235,0.00061151418762867,0,3.02995650212278,12.7814185370258,20.4695163139356,619,3672.5,51034.5,2.79169008229353,3.56496170383615,4.70786385319098,255886.241107743,5.40804693468895,-0.301029995663981,0.477121254719662,-0.301029995663981
235,0.026492161126235,0.000823209141769921,0,3.02929601852147,12.6858335822702,19.2045483400882,620.5,3673.5,51046,2.79274051685547,3.56507984706048,4.70796169980532,255906.224581958,5.40808084965709,-0.301029995663981,0.301029995663981,-0.301029995663981
236,0.0250995759149624,0.000810136295588321,0,3.04381412149923,12.2441713331045,18.0176859242459,621.5,3681.5,51059,2.79343986807871,3.56602470467797,4.70807229073686,255924.963182134,5.40811264948037,-0.301029995663981,0.845098040014257,-0.301029995663981
237,0.0169931037916251,0.00057994237562084,0.00297655860050716,3.07071592320095,11.3841724714321,16.9041144404642,622,3684,51074.5,2.79378982341787,3.56631955752553,4.70820410374784,255942.534395929,5.40814246610764,-0.301029995663981,0.477121254719662,-0.301029995663981
238,0.00453144665789695,0.000198283954381512,0.0055685605729896,3.10719439055061,10.1644929480189,15.8593150814425,623,3688.5,51080,2.79448748718662,3.5668497838042,4.70825087227932,255959.010895282,5.40817042325221,-0.301029995663981,0.301029995663981,-0.301029995663981
239,0,0,0.00651331568271363,3.15191984228941,8.75617589002738,14.8790468002414,623,3692.5,51084.5,2.79448748718662,3.56732046814994,4.70828912433775,255974.460834777,5.40819663690629,-0.301029995663981,0.301029995663981,-0.301029995663981
240,0,0,0.00566583648229291,3.20576833818121,7.39322715913573,13.9593293400409,624,3694,51090,2.79518458968242,3.56749689110422,4.70833588138506,255988.948131646,5.40822121582337,-0.301029995663981,0,-0.301029995663981
241,0,0,0.00336579071538545,3.27156196549349,6.30620533718657,13.0964272881547,625,3698.5,51098.5,2.79588001734408,3.56802558732005,4.70840813159702,256002.53272851,5.40824426197034,-0.301029995663981,0.602059991327962,-0.301029995663981
242,0,0,0.000316150093338963,3.35294904032267,5.65729690846047,12.2868350940309,625,3700.5,51106.5,2.79588001734408,3.56826037286614,4.70847611409837,256015.270839914,5.40826587095134,-0.301029995663981,0.477121254719662,-0.301029995663981
243,0,0,0,3.45285415179416,5.49479539743426,11.5272629943219,625,3708.5,51115.5,2.79588001734408,3.56919827940053,4.70855257839288,256027.21518365,5.4082861324051,-0.301029995663981,0.698970004336019,-0.301029995663981
244,0,0,0,3.57207940990218,5.73943146335122,10.8146237912954,626,3711.5,51121.5,2.79657433321043,3.5695494609478,4.70860356289985,256038.415197783,5.40830513037742,-0.301029995663981,0.301029995663981,-0.301029995663981
245,0.00875318956384485,0.000231562869309254,0,3.70859158433604,6.20614734923684,10.1460204338928,626,3719.5,51127.5,2.79657433321043,3.57048455912043,4.70865453992465,256048.917244281,5.4083229436704,-0.301029995663981,0.903089986991944,-0.301029995663981
246,0.018452638405241,0.000569288545126945,0,3.85780117657476,6.65512630059612,9.51873435362306,626.5,3723,51134.5,2.79692093702057,3.57089289522106,4.70871399625491,256058.764800038,5.4083396461698,-0.301029995663981,0.602059991327962,-0.301029995663981
247,0.022969507556833,0.000748755252881289,0,4.01380275565386,6.85786512304674,8.93021451021211,627.5,3728.5,51141.5,2.79761359228396,3.57153395607939,4.70877344892985,256067.998636089,5.40835530715193,-0.301029995663981,0.301029995663981,-0.301029995663981
248,0.0212123595961597,0.000724262673644699,0,4.17120945318168,6.66000520718703,8.37806710452467,627.5,3733.5,51144.5,2.79761359228396,3.57211568441808,4.70879891975205,256076.656985728,5.40836999157138,-0.301029995663981,0.602059991327962,-0.301029995663981
249,0.0137961025580839,0.000505522707256234,0.00228863589041828,4.3269874090559,6.02360804010762,7.86004591872718,628,3738.5,51150.5,2.7979596437372,3.57269691499619,4.70884986588048,256084.775702219,5.40838376033079,-0.301029995663981,0.477121254719662,-0.301029995663981
250,0.0028375041978832,0.00015419793240859,0.00393982578011065,4.4816540818575,5.03728165183199,7.37404324598849,629,3741.5,51154.5,2.79865064544527,3.57304555953915,4.70888382150127,256092.388406728,5.40839667053371,-0.301029995663981,0.698970004336019,-0.301029995663981
251,0,0,0.00444689097704221,4.6393667344396,3.89144180544123,6.91808137421349,629.5,3749.5,51157,2.79899559744943,3.57397332318323,4.7089050495524,256099.5266271,5.40840877572174,-0.301029995663981,0.602059991327962,-0.301029995663981
252,0,0,0.00374704920228375,4.80675005029915,2.82557794640471,6.49030459038479,629.5,3753.5,51163,2.79899559744943,3.5744363238724,4.70895597792425,256106.219928017,5.40842012609675,-0.301029995663981,0.698970004336019,-0.301029995663981
253,0,0,0.00210056967768102,4.99070026855335,2.06205946198553,6.08897167405328,630,3761.5,51166,2.79934054945358,3.57536060189867,4.7089814396224,256112.496033095,5.40843076872935,-0.301029995663981,0.698970004336019,-0.301029995663981
254,0,0,1.57199274541941e-06,5.19574056481135,1.74467201570448,5.71244885037391,630.5,3765,51169,2.79968495434886,3.57576373971149,4.70900690273096,256118.380939397,5.40844074775424,-0.301029995663981,0.778151250383644,-0.301029995663981
255,0,0,0,5.4216841485678,1.89873288240706,5.3592031748359,631,3772.5,51171,2.80002935924413,3.57662723057608,4.7090238773073,256123.899024847,5.40845010455338,-0.301029995663981,0.698970004336019,-0.301029995663981
256,0,0,0,5.66232723205094,2.42368541826006,5.02779632348941,631,3775.5,51173.5,2.80002935924413,3.57697279508225,4.70904509308148,256129.073148968,5.40845887792777,-0.301029995663981,0.778151250383644,-0.301029995663981
257,0.00851655886957148,0.000235221890331039,0,5.90564567032243,3.12016081736078,4.71687876403085,631,3780.5,51175.5,2.80002935924413,3.57754814467014,4.70906206915021,256133.92474737,5.40846710425847,-0.301029995663981,0.778151250383644,-0.301029995663981
258,0.0167811181327804,0.000538577530585338,0,6.13557173535276,3.74406735559683,4.42518428457885,632,3787,51177,2.80071707828239,3.57829492658752,4.70907479705594,256138.473920367,5.40847481765758,-0.301029995663981,0.81162464519895,-0.301029995663981
259,0.0203867712856469,0.000693330587444113,0,6.33499119264999,4.07290122515555,4.15152485835954,633,3793,51178.5,2.80140371001736,3.57898278232897,4.70908752753187,256142.739516088,5.40848205010973,-0.301029995663981,0.778151250383644,-0.301029995663981
260,0.0184552011961527,0.000659778640405506,5.46529486746827e-05,6.48924927898413,3.96617281187017,3.89478582382509,633.5,3801,51181.5,2.80174648394954,3.57989780948315,4.70911298143703,256146.739208423,5.40848883160489,-0.301029995663981,0.778151250383644,-0.301029995663981
261,0.0116065559075744,0.000449243087091433,0.00166224991161357,6.58928883903585,3.40349304532867,3.65392136096015,635,3807,51184,2.80277372529198,3.58058281688377,4.70913419281786,256150.489570127,5.40849519026273,-0.301029995663981,0.845098040014257,-0.301029995663981
262,0.00176518731265696,0.000120398372113889,0.00273030036576027,6.63361499990887,2.48999692625434,3.42795024568901,635,3819,51186,2.80277372529198,3.58194942015496,4.70915116548654,256154.006141375,5.40850115244928,-0.301029995663981,0.81162464519895,-0.301029995663981
263,0,0,0.00301355439324325,6.62857222541725,1.42770543145448,3.21595186538697,635.5,3826.5,51189,2.80311542047019,3.58280109108303,4.70917662154662,256157.303494058,5.40850674288638,-0.301029995663981,0.845098040014257,-0.301029995663981
264,0,0,0.00248940249885621,6.58685332543511,0.460699112526228,3.0170624795262,635.5,3836.5,51189.5,2.80311542047019,3.5839343726721,4.70918086216531,256160.395292082,5.40851198475417,-0.301029995663981,0.778151250383644,-0.301029995663981
265,0,0,0.00134896386480854,6.52461746978258,0,2.83047171045229,636.5,3846.5,51192,2.80379827399188,3.58506511669027,4.70920207851731,256163.294347907,5.40851689978727,-0.301029995663981,0.8740940135031,-0.301029995663981
266,0,0,0,6.45795015070709,0,2.65471953970762,637,3856.5,51193.5,2.80413889718479,3.58619201799968,4.70921480252792,256166.012675581,5.40852150836497,-0.301029995663981,0.778151250383644,-0.301029995663981
267,0,0,0,6.39955537970721,0,2.48976670208159,637.5,3869.5,51194.5,2.80448005552826,3.58765380318337,4.70922328832252,256168.56154047,5.40852582959571,-0.301029995663981,0.845098040014257,-0.301029995663981
268,0,0,0,6.35648779592761,0.511068062244128,2.33506223168739,638,3879,51197,2.80482067872116,3.5887177014384,4.7092444970504,256170.951505886,5.40852988139638,-0.301029995663981,0.778151250383644,-0.301029995663981
269,0.00824364322349669,0.000239012045504861,0,6.32943525645176,1.30391247109026,2.18996953848272,638,3894.5,51199,2.80482067872116,3.59044869801323,4.70926145994027,256173.192476827,5.40853368056663,-0.301029995663981,0.778151250383644,-0.301029995663981
270,0.0155225170615707,0.000517063424149727,0,6.31363564390742,2.0169575854371,2.05389155915059,638,3902.5,51200,2.80482067872116,3.59133803176809,4.70926994474015,256175.29374098,5.40853724285851,-0.301029995663981,0.845098040014257,-0.301029995663981
271,0.0185335520329237,0.000653420464801685,0,6.30107475080491,2.43483999053653,1.92626830474428,638,3914,51200.5,2.80482067872116,3.59261515138367,4.70927418469643,256177.264007186,5.40854058304186,-0.301029995663981,0.738560627359831,-0.301029995663981
272,0.0165323772064099,0.000612753439317132,4.77182062164072e-05,6.28328572738894,2.42523905108311,1.80657456025285,639,3918.5,51201,2.8055008581584,3.59311552003555,4.70927842456993,256179.111441499,5.40854371496552,-0.301029995663981,0.778151250383644,-0.301029995663981
273,0.0101257599595006,0.000407588287561683,0.00109108810663505,6.25394239581737,1.97352224732897,1.69431772670391,639.5,3928,51202.5,2.80584041607114,3.59416691915602,4.709291148829,256180.843701005,5.4085466516148,-0.301029995663981,0.778151250383644,-0.301029995663981
274,0.00108990243338969,9.45108305378528e-05,0.00177552505238432,6.21053926765619,1.18523596811352,1.58903579699619,640.5,3931.5,51203.5,2.80651900175135,3.59455445519578,4.70929963296586,256182.467965537,5.40854940516528,-0.301029995663981,0.81162464519895,-0.301029995663981
275,0,0,0.00195165395173102,6.15474586559515,0.25605729692483,1.49029545719618,642.5,3941.5,51205,2.80787300049654,3.59565772547582,4.70931235184133,256183.990967408,5.40855198703339,-0.301029995663981,0.778151250383644,-0.301029995663981
276,0,0,0.00161388343768065,6.09142337672986,0,1.3975384543099,643,3942.5,51205,2.80821044771433,3.5957678985081,4.70931235184133,256185.419019302,5.40855440792365,-0.301029995663981,0.778151250383644,-0.301029995663981
277,0,0,0.000890317594373968,6.02668124166009,0,1.31035520134033,643,3954,51207.5,2.80821044771433,3.59703431766988,4.70933355626158,256186.758040421,5.40855667787315,-0.301029995663981,0.778151250383644,-0.301029995663981
278,0,0,0,5.96561886249662,0,1.22861052385377,643,3957,51207.5,2.80821044771433,3.59736333206855,4.70933355626158,256188.013581006,5.40855880629312,-0.301029995663981,0.845098040014257,-0.301029995663981
279,0,0,0,5.9104692512558,0,1.15196518920883,643,3969,51208.5,2.80821044771433,3.59867876930827,4.70934203725121,256189.190845329,5.40856080200797,-0.301029995663981,0.778151250383644,-0.301029995663981
280,0,0,0,5.85972089256182,0,1.0801011204458,643.5,3974,51209,2.80854842014202,3.5992258827835,4.7093462788639,256190.294713256,5.4085626732919,-0.301029995663981,0.778151250383644,-0.301029995663981
281,0.00801842349004422,0.00024458544299738,0,5.80848668534798,0.410899325394745,1.01272007745627,644.5,3983.5,51209,2.80922279099754,3.60026405175465,4.7093462788639,256191.329760463,5.40856442790319,-0.301029995663981,0.698970004336019,-0.301029995663981
282,0.0146426637600534,0.000504553845809663,0,5.75000721170153,1.06264770673673,0.949542420304985,645,3991.5,51209.5,2.80955919267745,3.60113555775711,4.70935052039374,256192.300277395,5.40856607311636,-0.301029995663981,0.778151250383644,-0.301029995663981
283,0.0172724000704272,0.000626926685334539,0,5.67783253069831,1.43092752459722,0.890305949594212,645,4003,51209.5,2.80955919267745,3.60238492608706,4.70935052039374,256193.210287043,5.40856761575237,-0.301029995663981,0.778151250383644,-0.301029995663981
284,0.0152434416802096,0.00057955981001967,0,5.58802230054682,1.40859569160212,0.834764819077677,645.5,4013,51210,2.80989611631518,3.60346849902101,4.70935476184073,256194.063561616,5.40856906220686,-0.301029995663981,0.738560627359831,-0.301029995663981
285,0.0091446117563545,0.000376173975504046,0.000554370044990815,5.48069677347129,0.999994968879747,0.782688516028672,646,4022.5,51211.5,2.81023199765198,3.60449548576267,4.7093674836975,256194.863638166,5.40857041847673,-0.301029995663981,0.698970004336019,-0.301029995663981
286,0.000648180064435788,7.24314117657165e-05,0.000976626651590262,5.36046136535363,0.318465592243214,0.733860905145769,646.5,4029,51212.5,2.81056736025293,3.60519705335575,4.7093759660116,256195.613833251,5.40857169018493,-0.301029995663981,0.698970004336019,-0.301029995663981
287,0,0,0.00111788673626623,5.23555798533865,0,0.688079332041422,647.5,4038,51212.5,2.81123860739773,3.60616583517822,4.7093759660116,256196.317256676,5.40857288260383,-0.301029995663981,0.698970004336019,-0.301029995663981
288,0,0,0.000974457367250547,5.11596953366648,0,0.645153782604321,648,4043.5,51213.5,2.81157448873453,3.60675728475109,4.70938444617297,256196.976824381,5.40857400067707,-0.301029995663981,0.738560627359831,-0.301029995663981
289,0,0,0.000613734800829713,5.01101047187089,0,0.604906094756753,649,4049.5,51214,2.81224469680037,3.60740084382948,4.70938868712294,256197.595270523,5.40857504904004,-0.301029995663981,0.738560627359831,-0.301029995663981
290,0,0,0.000148337189502357,4.92708690040496,0,0.56716921934442,649,4054,51214,2.81224469680037,3.60788362544396,4.70938868712294,256198.17515881,5.40857603203911,-0.301029995663981,0.698970004336019,-0.301029995663981
291,0,0,0,4.86626082083434,0,0.531786527098908,649,4055.5,51214.5,2.81224469680037,3.60804424400276,4.70939292799008,256198.718893125,5.40857695374966,-0.301029995663981,0.698970004336019,-0.301029995663981
292,0,0,0,4.82602012558865,0,0.498611158803237,649.5,4060.5,51214.5,2.81257902672161,3.60857943251187,4.70939292799008,256199.228727488,5.40857781799298,-0.301029995663981,0.698970004336019,-0.301029995663981
293,0.00794891933978059,0.000258139515407096,0,4.80030685805819,0.540356361549286,0.467505415969366,651,4061.5,51215,2.81358098856819,3.60868637529657,4.70939716877441,256199.706775397,5.40857862835207,-0.301029995663981,0.698970004336019,-0.301029995663981
294,0.0141542497534752,0.000504001407979016,0,4.78149337201709,1.13898390332213,0.438340189503884,652,4064.5,51215.5,2.81424759573192,3.60900704573669,4.70940140782022,256200.155018592,5.40857938818657,-0.301029995663981,0.602059991327962,-0.301029995663981
295,0.0165233951394081,0.000612186533673675,0,4.76272472234347,1.41914144848484,0.410994423995129,652.5,4067,51216,2.8145803885035,3.60927411989169,4.70940564678327,256200.575315262,5.40858010064662,-0.301029995663981,0.698970004336019,-0.301029995663981
296,0.0144479117960628,0.0005536761144741,0,4.73994461179739,1.30390430736944,0.38535461540224,653,4071.5,51216,2.81491318127507,3.60975435725872,4.70940564678327,256200.969407754,5.40858076868596,-0.301029995663981,0.602059991327962,-0.301029995663981
297,0.00852392438586635,0.000345099315179731,5.32643432393787e-05,4.71302039435326,0.827403651165696,0.361314340064745,653,4074,51216,2.81491318127507,3.610021011581,4.70940564678327,256201.338929788,5.40858139507416,-0.301029995663981,0.698970004336019,-0.301029995663981
298,0.000393091535527024,4.45565651827073e-05,0.000301876079077168,4.68565106160908,0.12569126418208,0.338773813080857,653,4077,51216,2.81491318127507,3.61034065919655,4.70940564678327,256201.685413233,5.40858198240812,-0.301029995663981,0.602059991327962,-0.301029995663981
299,0,0,0.000458488016547909,4.66410251917251,0,0.317639474224135,653,4079.5,51216,2.81491318127507,3.61060693420349,4.70940564678327,256202.010294455,5.40858253312281,-0.301029995663981,0.698970004336019,-0.301029995663981
300,0,0,0.000503612957753363,4.655162402966,0,0.297823599682138,653.5,4082.5,51216,2.81524546479967,3.61092619015152,4.70940564678327,256202.314920271,5.4085830495014,-0.301029995663981,0.698970004336019,-0.301029995663981
301,0,0,0.000438244033689417,4.66394205463775,0,0.279243938007548,654,4086,51216.5,2.81557774832427,3.61129824523867,4.70940988748478,256202.600553531,5.40858353368469,-0.301029995663981,0.698970004336019,-0.301029995663981
302,0,0,0.000277685339454825,4.69220972364081,0,0.261823368772504,656,4089.5,51216.5,2.81690333477578,3.61167013137586,4.70940988748478,256202.868378352,5.40858398768001,-0.301029995663981,0.698970004336019,-0.301029995663981
303,0,0,4.52730944306978e-05,4.73780352471021,0,0.245489582510851,656.5,4093,51216.5,2.81723359680287,3.61204153725374,4.70940988748478,256203.119505028,5.40858441336953,-0.301029995663981,0.698970004336019,-0.301029995663981
304,0.00543668239321082,0.00019466593472911,0,4.79539035260689,0.452366468339548,0.230174780621206,657,4096,51217,2.8175633572929,3.61235983148089,4.70941412810347,256203.354974633,5.40858481251807,-0.301029995663981,0.602059991327962,-0.301029995663981
305,0.0172151590194392,0.000643432230917951,0,4.85849938085757,1.49806406165999,0.215815393986377,657.5,4099.5,51217,2.81789462698484,3.61273088751812,4.70941412810347,256203.575763332,5.40858518678043,-0.301029995663981,0.698970004336019,-0.301029995663981
