"duration","risk","LL"
1,0.018,-68.9082919702861
1,0.018,-68.9082919702861
1,0.018,-68.9082919702861
1,0.016897270405863,-68.5487076242388
1,0.016897270405863,-68.5487076242388
1,0.0111233773762179,-69.0172166195447
1,0.0111233773762179,-69.0172166195447
1,0.015767151402623,-68.2998948928392
1,0.015767151402623,-68.2998948928392
1,0.0127854530615076,-68.3719512537703
1,0.0127854530615076,-68.3719512537703
1,0.0127854530615076,-68.3719512537703
1,0.0103161745726014,-69.5385893021487
1,0.0219017341725664,-70.9229021423396
1,0.0219017341725664,-70.9229021423396
1,0.015167799957207,-68.2230681156272
1,0.015167799957207,-68.2230681156272
1,0.015167799957207,-68.2230681156272
1,0.0111353819409528,-69.0105899622135
1,0.0111353819409528,-69.0105899622135
1,0.0111353819409528,-69.0105899622135
1,0.0111353819409528,-69.0105899622135
1,0.0139243215664105,-68.2023073187371
1,0.02075176901568,-70.2240941549828
1,0.0109983215876541,-69.0881317769178
1,0.0136259861000939,-68.2280021543293
1,0.0136259861000939,-68.2280021543293
1,0.0136259861000939,-68.2280021543293
1,0.0136259861000939,-68.2280021543293
1,0.0136259861000939,-68.2280021543293
1,0.0136259861000939,-68.2280021543293
1,0.0136259861000939,-68.2280021543293
1,0.0136259861000939,-68.2280021543293
1,0.0136259861000939,-68.2280021543293
1,0.0136259861000939,-68.2280021543293
1,0.0136259861000939,-68.2280021543293
1,0.0136259861000939,-68.2280021543293
1,0.0136259861000939,-68.2280021543293
1,0.0136259861000939,-68.2280021543293
1,0.0142528526850258,-68.1883343374536
1,0.0142528526850258,-68.1883343374536
1,0.0142528526850258,-68.1883343374536
1,0.0142528526850258,-68.1883343374536
1,0.0142528526850258,-68.1883343374536
1,0.0167946012157052,-68.5208601907233
1,0.0167946012157052,-68.5208601907233
1,0.0167946012157052,-68.5208601907233
1,0.0132342949655893,-68.2814859761332
1,0.0137003732518299,-68.220405825116
1,0.0137003732518299,-68.220405825116
1,0.0120076985442156,-68.6089607905422
1,0.0176984747121039,-68.7993525859184
1,0.0176984747121039,-68.7993525859184
1,0.0176984747121039,-68.7993525859184
1,0.0176984747121039,-68.7993525859184
1,0.00998731253174964,-69.7970335210164
1,0.00998731253174964,-69.7970335210164
1,0.0128966350482518,-68.3465299479735
1,0.0128966350482518,-68.3465299479735
1,0.0128966350482518,-68.3465299479735
1,0.0128966350482518,-68.3465299479735
1,0.0128966350482518,-68.3465299479735
1,0.0177732179043557,-68.8256365590675
1,0.0138530051059117,-68.2073020271106
1,0.0138530051059117,-68.2073020271106
1,0.015564775454362,-68.2694384432233
1,0.015564775454362,-68.2694384432233
1,0.015564775454362,-68.2694384432233
1,0.0186244130421247,-69.1577017446139
1,0.0186244130421247,-69.1577017446139
1,0.0186244130421247,-69.1577017446139
1,0.0186244130421247,-69.1577017446139
1,0.0114765809901225,-68.8351120778948
1,0.00866083075490234,-71.1588387694525
1,0.00920539709619836,-70.5329148623886
1,0.017492011649003,-68.7292631768846
1,0.017492011649003,-68.7292631768846
1,0.00878630418779871,-71.005620977012
1,0.0143229322228824,-68.1872329912127
1,0.0143229322228824,-68.1872329912127
1,0.0143229322228824,-68.1872329912127
1,0.0129026827322508,-68.3452050295841
1,0.0129026827322508,-68.3452050295841
1,0.0129026827322508,-68.3452050295841
1,0.0129026827322508,-68.3452050295841
1,0.0129026827322508,-68.3452050295841
1,0.0116094443584136,-68.7733168976433
1,0.0116094443584136,-68.7733168976433
1,0.00942062734431428,-70.3122396240703
1,0.0143849238724263,-68.1867977397352
1,0.0143849238724263,-68.1867977397352
1,0.0143849238724263,-68.1867977397352
1,0.0143849238724263,-68.1867977397352
1,0.0130068221037827,-68.3233161362105
1,0.0130068221037827,-68.3233161362105
1,0.0130068221037827,-68.3233161362105
1,0.0130068221037827,-68.3233161362105
1,0.0130068221037827,-68.3233161362105
1,0.0130068221037827,-68.3233161362105
1,0.0130068221037827,-68.3233161362105
1,0.0130068221037827,-68.3233161362105
1,0.0174468420884811,-68.7144276027845
1,0.0174468420884811,-68.7144276027845
1,0.0132967941035369,-68.271401627739
1,0.0132967941035369,-68.271401627739
1,0.0142534224326502,-68.1883227603233
1,0.0142534224326502,-68.1883227603233
1,0.0172259356276008,-68.6444971970639
1,0.0141160474998711,-68.1923711373391
1,0.0141160474998711,-68.1923711373391
1,0.0141160474998711,-68.1923711373391
1,0.0141160474998711,-68.1923711373391
1,0.0141160474998711,-68.1923711373391
1,0.0141160474998711,-68.1923711373391
1,0.0141160474998711,-68.1923711373391
1,0.0141160474998711,-68.1923711373391
1,0.0161708356484195,-68.373822956458
1,0.0161708356484195,-68.373822956458
1,0.0161708356484195,-68.373822956458
1,0.0161708356484195,-68.373822956458
1,0.0161708356484195,-68.373822956458
1,0.0161708356484195,-68.373822956458
1,0.0161708356484195,-68.373822956458
1,0.0161708356484195,-68.373822956458
1,0.0131656754221042,-68.2932515822951
1,0.0131656754221042,-68.2932515822951
1,0.0150044416989197,-68.2093038729307
1,0.0150044416989197,-68.2093038729307
1,0.0150044416989197,-68.2093038729307
1,0.0150044416989197,-68.2093038729307
1,0.0150044416989197,-68.2093038729307
1,0.0150044416989197,-68.2093038729307
1,0.0150044416989197,-68.2093038729307
1,0.0150044416989197,-68.2093038729307
1,0.0150044416989197,-68.2093038729307
1,0.0150044416989197,-68.2093038729307
1,0.0164401169431568,-68.4325470057556
1,0.0164401169431568,-68.4325470057556
1,0.0111772937653416,-68.9876997415592
1,0.0111772937653416,-68.9876997415592
1,0.0111772937653416,-68.9876997415592
1,0.0111772937653416,-68.9876997415592
1,0.0139922837942782,-68.1982067207052
1,0.0139922837942782,-68.1982067207052
1,0.0139922837942782,-68.1982067207052
1,0.0134401929247331,-68.2505093576406
1,0.0134401929247331,-68.2505093576406
1,0.0134401929247331,-68.2505093576406
1,0.0134401929247331,-68.2505093576406
1,0.0143412784998212,-68.1870516825839
1,0.0143412784998212,-68.1870516825839
1,0.0143412784998212,-68.1870516825839
1,0.0143412784998212,-68.1870516825839
1,0.0143412784998212,-68.1870516825839
1,0.0143412784998212,-68.1870516825839
1,0.0143412784998212,-68.1870516825839
1,0.0143412784998212,-68.1870516825839
1,0.0143412784998212,-68.1870516825839
1,0.0143412784998212,-68.1870516825839
1,0.0143412784998212,-68.1870516825839
1,0.0143412784998212,-68.1870516825839
1,0.0143412784998212,-68.1870516825839
1,0.0143412784998212,-68.1870516825839
1,0.0143412784998212,-68.1870516825839
1,0.0143412784998212,-68.1870516825839
1,0.0143412784998212,-68.1870516825839
1,0.0143412784998212,-68.1870516825839
1,0.0143412784998212,-68.1870516825839
1,0.0143412784998212,-68.1870516825839
1,0.0117495196760386,-68.7119955561497
1,0.0117495196760386,-68.7119955561497
1,0.0135047463241849,-68.2421115579565
1,0.0139256221345963,-68.2022228304093
1,0.0139256221345963,-68.2022228304093
1,0.0139256221345963,-68.2022228304093
1,0.0139256221345963,-68.2022228304093
1,0.0139256221345963,-68.2022228304093
1,0.0196827561423644,-69.6487553423009
1,0.0109063089854987,-69.142533921692
1,0.0109063089854987,-69.142533921692
1,0.0109063089854987,-69.142533921692
1,0.0109063089854987,-69.142533921692
1,0.0105008608075598,-69.4055972290105
1,0.0105008608075598,-69.4055972290105
1,0.00849049218925551,-71.3759435666056
1,0.0125079358453667,-68.4443918243512
1,0.0125079358453667,-68.4443918243512
1,0.0115776780600221,-68.7877667625885
1,0.0115776780600221,-68.7877667625885
1,0.0115776780600221,-68.7877667625885
1,0.0115776780600221,-68.7877667625885
1,0.0115776780600221,-68.7877667625885
1,0.0115776780600221,-68.7877667625885
1,0.0137667903028715,-68.2142962744536
1,0.0108229360802065,-69.1934866267025
1,0.0108229360802065,-69.1934866267025
1,0.0108229360802065,-69.1934866267025
1,0.0108229360802065,-69.1934866267025
1,0.0108229360802065,-69.1934866267025
1,0.0108229360802065,-69.1934866267025
1,0.0108229360802065,-69.1934866267025
1,0.0108229360802065,-69.1934866267025
1,0.0108229360802065,-69.1934866267025
1,0.013528234434266,-68.239209356175
1,0.013528234434266,-68.239209356175
1,0.013528234434266,-68.239209356175
1,0.013528234434266,-68.239209356175
1,0.013528234434266,-68.239209356175
1,0.013528234434266,-68.239209356175
1,0.013528234434266,-68.239209356175
1,0.013528234434266,-68.239209356175
1,0.013528234434266,-68.239209356175
1,0.013528234434266,-68.239209356175
1,0.013528234434266,-68.239209356175
1,0.013528234434266,-68.239209356175
1,0.013528234434266,-68.239209356175
1,0.013528234434266,-68.239209356175
1,0.0112044861221234,-68.9730518188525
1,0.011259397501565,-68.9439562889123
1,0.0173743306272113,-68.6909906561603
1,0.0199231168807264,-69.7714713024919
1,0.0199231168807264,-69.7714713024919
1,0.01062811532231,-69.3188398242274
1,0.01062811532231,-69.3188398242274
1,0.0089698934637001,-70.7913172102777
1,0.01791417842843,-68.8765025707477
1,0.0161644471223641,-68.3725197126472
1,0.0161644471223641,-68.3725197126472
1,0.0140568116491298,-68.1949029481007
1,0.0147797728673507,-68.19561599537
1,0.0147797728673507,-68.19561599537
1,0.0147797728673507,-68.19561599537
1,0.0147797728673507,-68.19561599537
1,0.0147797728673507,-68.19561599537
1,0.0171792641955037,-68.6302872001832
1,0.0171792641955037,-68.6302872001832
1,0.0171792641955037,-68.6302872001832
1,0.0171792641955037,-68.6302872001832
1,0.0142176916669894,-68.1891324258503
1,0.0142176916669894,-68.1891324258503
1,0.0142176916669894,-68.1891324258503
1,0.0142176916669894,-68.1891324258503
1,0.0142176916669894,-68.1891324258503
1,0.0142176916669894,-68.1891324258503
1,0.0142176916669894,-68.1891324258503
1,0.0142176916669894,-68.1891324258503
1,0.012831613790899,-68.3611509377561
1,0.0134590554254813,-68.2479913766242
1,0.0134590554254813,-68.2479913766242
1,0.017296714876753,-68.6664251297357
1,0.017296714876753,-68.6664251297357
1,0.017296714876753,-68.6664251297357
1,0.017296714876753,-68.6664251297357
1,0.017296714876753,-68.6664251297357
1,0.017296714876753,-68.6664251297357
1,0.017296714876753,-68.6664251297357
1,0.016832699856485,-68.5310767698745
1,0.0141281307481616,-68.1919131998112
1,0.0141281307481616,-68.1919131998112
1,0.0141281307481616,-68.1919131998112
1,0.0141281307481616,-68.1919131998112
1,0.0141281307481616,-68.1919131998112
1,0.0141281307481616,-68.1919131998112
1,0.019928990824002,-69.7745198209124
1,0.0156359262790912,-68.2796319867816
1,0.0156359262790912,-68.2796319867816
1,0.0156359262790912,-68.2796319867816
1,0.0156359262790912,-68.2796319867816
1,0.0156359262790912,-68.2796319867816
1,0.0156359262790912,-68.2796319867816
1,0.0156359262790912,-68.2796319867816
1,0.0156359262790912,-68.2796319867816
1,0.0156359262790912,-68.2796319867816
1,0.0156359262790912,-68.2796319867816
1,0.0100340974346767,-69.7585240414564
1,0.0155306536044999,-68.2647497713831
1,0.0176933327567296,-68.7975620380011
1,0.018927258584931,-69.2897273445573
1,0.018927258584931,-69.2897273445573
1,0.018927258584931,-69.2897273445573
1,0.018927258584931,-69.2897273445573
1,0.0105598121494249,-69.3649191920337
1,0.0132219398848838,-68.2835505955672
1,0.0132219398848838,-68.2835505955672
1,0.0132219398848838,-68.2835505955672
1,0.0132219398848838,-68.2835505955672
1,0.0204147073974729,-70.0345901137924
1,0.0204147073974729,-70.0345901137924
1,0.0204147073974729,-70.0345901137924
1,0.0227707239541722,-71.5008229315228
1,0.0199729286517009,-69.7973974173123
1,0.0152628992750698,-68.2325276851322
1,0.0152628992750698,-68.2325276851322
1,0.0152628992750698,-68.2325276851322
1,0.0152628992750698,-68.2325276851322
1,0.0202686430656205,-69.9547411271239
1,0.0202686430656205,-69.9547411271239
1,0.0202686430656205,-69.9547411271239
1,0.0126606287675505,-68.4029265523896
1,0.017762569312765,-68.8218626440779
1,0.017762569312765,-68.8218626440779
1,0.017762569312765,-68.8218626440779
1,0.0164699704010276,-68.4395077948397
1,0.0164699704010276,-68.4395077948397
1,0.0164699704010276,-68.4395077948397
1,0.0164699704010276,-68.4395077948397
1,0.00880780030079014,-70.9799285767312
1,0.00880780030079014,-70.9799285767312
1,0.0160919635588404,-68.3580294253403
1,0.0160919635588404,-68.3580294253403
1,0.0142468849793974,-68.1884581930695
1,0.0129962167456774,-68.3254656351981
1,0.010855901590464,-69.1731498614835
1,0.010855901590464,-69.1731498614835
1,0.010855901590464,-69.1731498614835
1,0.010855901590464,-69.1731498614835
1,0.010855901590464,-69.1731498614835
1,0.015445984648237,-68.2536796055925
1,0.015445984648237,-68.2536796055925
1,0.015445984648237,-68.2536796055925
1,0.0150851053930634,-68.2157047416824
1,0.0191263012210109,-69.3802787140095
1,0.0191263012210109,-69.3802787140095
1,0.0163124328545793,-68.4037842432024
1,0.00876872602544073,-71.0267506742597
1,0.00876872602544073,-71.0267506742597
1,0.0103364842283453,-69.5235464215682
1,0.0103364842283453,-69.5235464215682
1,0.0103364842283453,-69.5235464215682
1,0.0153758342506989,-68.2451218637199
1,0.0153758342506989,-68.2451218637199
1,0.0153758342506989,-68.2451218637199
1,0.0153758342506989,-68.2451218637199
1,0.0144731619364689,-68.1870419990147
1,0.0144731619364689,-68.1870419990147
1,0.0144731619364689,-68.1870419990147
1,0.0144731619364689,-68.1870419990147
1,0.0144731619364689,-68.1870419990147
1,0.0144731619364689,-68.1870419990147
1,0.0144731619364689,-68.1870419990147
1,0.0144731619364689,-68.1870419990147
1,0.0144731619364689,-68.1870419990147
1,0.0144731619364689,-68.1870419990147
1,0.0144731619364689,-68.1870419990147
1,0.0119726299472613,-68.6222113659882
1,0.0119726299472613,-68.6222113659882
1,0.0119726299472613,-68.6222113659882
1,0.0119726299472613,-68.6222113659882
1,0.0119726299472613,-68.6222113659882
1,0.0119726299472613,-68.6222113659882
1,0.0160731418237094,-68.3543561407788
1,0.0160731418237094,-68.3543561407788
1,0.0160731418237094,-68.3543561407788
1,0.0160731418237094,-68.3543561407788
1,0.0160731418237094,-68.3543561407788
1,0.0160731418237094,-68.3543561407788
1,0.0160731418237094,-68.3543561407788
1,0.0160731418237094,-68.3543561407788
1,0.0106680242295977,-69.2924331456809
1,0.0106680242295977,-69.2924331456809
1,0.0106680242295977,-69.2924331456809
1,0.0106680242295977,-69.2924331456809
1,0.0199359257763335,-69.7781220118079
1,0.0199359257763335,-69.7781220118079
1,0.0210401734068073,-70.3919063985327
1,0.0184655547629459,-69.091287578496
1,0.0184655547629459,-69.091287578496
1,0.0184655547629459,-69.091287578496
1,0.0184655547629459,-69.091287578496
1,0.0100901448634494,-69.7131627399699
1,0.0191205317696523,-69.3776125444771
1,0.0176923949284444,-68.7972357103205
1,0.0176923949284444,-68.7972357103205
1,0.0176923949284444,-68.7972357103205
1,0.0176923949284444,-68.7972357103205
1,0.0176923949284444,-68.7972357103205
1,0.0151059187113112,-68.2174819627101
1,0.0151059187113112,-68.2174819627101
1,0.0151059187113112,-68.2174819627101
1,0.0151059187113112,-68.2174819627101
1,0.0151059187113112,-68.2174819627101
1,0.0151059187113112,-68.2174819627101
1,0.0151059187113112,-68.2174819627101
1,0.0151059187113112,-68.2174819627101
1,0.0151059187113112,-68.2174819627101
1,0.0183291714544729,-69.0358625402483
1,0.0180811886005589,-68.9389303333477
1,0.0180811886005589,-68.9389303333477
1,0.0180811886005589,-68.9389303333477
1,0.0180811886005589,-68.9389303333477
1,0.0180811886005589,-68.9389303333477
1,0.0180811886005589,-68.9389303333477
1,0.0180811886005589,-68.9389303333477
1,0.0180811886005589,-68.9389303333477
1,0.0180811886005589,-68.9389303333477
1,0.0192504599289108,-69.4382476130597
1,0.0192504599289108,-69.4382476130597
1,0.0192504599289108,-69.4382476130597
1,0.0192504599289108,-69.4382476130597
1,0.0192504599289108,-69.4382476130597
1,0.0126108433781814,-68.4160101294242
1,0.0157015040161258,-68.2895223254727
1,0.015695186249031,-68.2885489252115
1,0.015695186249031,-68.2885489252115
1,0.015695186249031,-68.2885489252115
1,0.015695186249031,-68.2885489252115
1,0.015695186249031,-68.2885489252115
1,0.0138081456181598,-68.210809956178
1,0.0138081456181598,-68.210809956178
1,0.0144001187812947,-68.1867677379071
1,0.0197561530586503,-69.6858055326989
1,0.0210651307361619,-70.4066686862537
1,0.0154310909008605,-68.2518159572888
1,0.015289217613673,-68.2353313231986
1,0.015289217613673,-68.2353313231986
1,0.015289217613673,-68.2353313231986
1,0.0123520584350821,-68.4908733903775
1,0.0123520584350821,-68.4908733903775
1,0.0150965741167328,-68.2166776916229
1,0.0150965741167328,-68.2166776916229
1,0.0150965741167328,-68.2166776916229
1,0.0150965741167328,-68.2166776916229
1,0.0150965741167328,-68.2166776916229
1,0.0150965741167328,-68.2166776916229
1,0.0150965741167328,-68.2166776916229
1,0.0150965741167328,-68.2166776916229
1,0.0171921817177461,-68.6342002845217
1,0.0171921817177461,-68.6342002845217
1,0.0171921817177461,-68.6342002845217
1,0.0171921817177461,-68.6342002845217
1,0.0171921817177461,-68.6342002845217
1,0.0204820153307111,-70.071851759192
1,0.0187430088494503,-69.2085658362129
1,0.0131192928489809,-68.3016193818167
1,0.0131192928489809,-68.3016193818167
1,0.0131192928489809,-68.3016193818167
1,0.0131192928489809,-68.3016193818167
1,0.0131192928489809,-68.3016193818167
1,0.0131192928489809,-68.3016193818167
1,0.0131192928489809,-68.3016193818167
1,0.0131192928489809,-68.3016193818167
1,0.0146192926821349,-68.1896479489021
1,0.0172089668367455,-68.6393077418304
1,0.0119899364387526,-68.6156432881033
1,0.0119899364387526,-68.6156432881033
1,0.0135910423248495,-68.2318478251869
1,0.0135910423248495,-68.2318478251869
1,0.0135910423248495,-68.2318478251869
1,0.0212446187371172,-70.5139470070285
1,0.0114409378887947,-68.8523019583925
1,0.0114409378887947,-68.8523019583925
1,0.0114409378887947,-68.8523019583925
1,0.0114409378887947,-68.8523019583925
1,0.0174645188556905,-68.720211890889
1,0.0174645188556905,-68.720211890889
1,0.0174645188556905,-68.720211890889
1,0.0174645188556905,-68.720211890889
1,0.0168562095452511,-68.5374502074993
1,0.0168562095452511,-68.5374502074993
1,0.0168562095452511,-68.5374502074993
1,0.0116226193256489,-68.7673832343852
1,0.0142352800885039,-68.188712611634
1,0.0142352800885039,-68.188712611634
1,0.0142352800885039,-68.188712611634
1,0.0142352800885039,-68.188712611634
1,0.0142352800885039,-68.188712611634
1,0.0114510589896575,-68.847394204715
1,0.0114510589896575,-68.847394204715
1,0.0153549916794489,-68.2426873163999
1,0.0153549916794489,-68.2426873163999
1,0.0153549916794489,-68.2426873163999
1,0.0153549916794489,-68.2426873163999
1,0.0153549916794489,-68.2426873163999
1,0.0147731748210753,-68.1953073976667
1,0.0147731748210753,-68.1953073976667
1,0.0147731748210753,-68.1953073976667
1,0.0147731748210753,-68.1953073976667
1,0.0147731748210753,-68.1953073976667
1,0.014246585240654,-68.1884645388547
1,0.014246585240654,-68.1884645388547
1,0.014246585240654,-68.1884645388547
1,0.014246585240654,-68.1884645388547
1,0.014246585240654,-68.1884645388547
1,0.014246585240654,-68.1884645388547
1,0.0150146095641697,-68.2100679095241
1,0.0150146095641697,-68.2100679095241
1,0.0199291238662556,-69.7745888956953
1,0.0199291238662556,-69.7745888956953
1,0.0199291238662556,-69.7745888956953
1,0.0215670085919071,-70.7114548243157
1,0.0215670085919071,-70.7114548243157
1,0.0215670085919071,-70.7114548243157
1,0.0175863376993694,-68.7608232772899
1,0.0175863376993694,-68.7608232772899
1,0.0217583159616929,-70.8315208024782
1,0.0217583159616929,-70.8315208024782
1,0.0217583159616929,-70.8315208024782
1,0.0217583159616929,-70.8315208024782
1,0.0217583159616929,-70.8315208024782
1,0.0217583159616929,-70.8315208024782
1,0.0217583159616929,-70.8315208024782
1,0.0217583159616929,-70.8315208024782
1,0.0217583159616929,-70.8315208024782
1,0.0217583159616929,-70.8315208024782
1,0.0193341796974523,-69.4779707303958
1,0.0193341796974523,-69.4779707303958
1,0.0193341796974523,-69.4779707303958
1,0.0121226444271607,-68.5671362046467
1,0.0121226444271607,-68.5671362046467
1,0.00999192843823767,-69.7932078326594
1,0.00999192843823767,-69.7932078326594
1,0.0195957082196078,-69.6053011424826
1,0.0195957082196078,-69.6053011424826
1,0.0126486069110187,-68.4060475302832
1,0.0126486069110187,-68.4060475302832
1,0.0126486069110187,-68.4060475302832
1,0.0179906509478369,-68.9047990679044
1,0.0179906509478369,-68.9047990679044
1,0.0179906509478369,-68.9047990679044
1,0.0179906509478369,-68.9047990679044
1,0.0147960493628231,-68.1964002642234
1,0.0147960493628231,-68.1964002642234
1,0.0139996457688018,-68.197800873416
1,0.0139996457688018,-68.197800873416
1,0.0139996457688018,-68.197800873416
1,0.0115696867043056,-68.7914338282472
1,0.0126832035373373,-68.3971316884487
1,0.0126832035373373,-68.3971316884487
1,0.0130009144580321,-68.3245112841801
1,0.0130009144580321,-68.3245112841801
1,0.0130009144580321,-68.3245112841801
1,0.0130009144580321,-68.3245112841801
1,0.0130009144580321,-68.3245112841801
1,0.0144039662018004,-68.1867649135178
1,0.0144039662018004,-68.1867649135178
1,0.0144039662018004,-68.1867649135178
1,0.0144039662018004,-68.1867649135178
1,0.0142743899025521,-68.187926685528
1,0.0142743899025521,-68.187926685528
1,0.0141666907069395,-68.1905837443133
1,0.0141666907069395,-68.1905837443133
1,0.0141666907069395,-68.1905837443133
1,0.0141666907069395,-68.1905837443133
1,0.0141666907069395,-68.1905837443133
1,0.00985255162656612,-69.9112884911516
1,0.00985255162656612,-69.9112884911516
1,0.00985255162656612,-69.9112884911516
1,0.0135668117134789,-68.2346192159103
1,0.0173793325032014,-68.6925922915954
1,0.0173793325032014,-68.6925922915954
1,0.0160472993896878,-68.3493730162308
1,0.0160472993896878,-68.3493730162308
1,0.0160472993896878,-68.3493730162308
1,0.0160472993896878,-68.3493730162308
1,0.0160472993896878,-68.3493730162308
1,0.0160472993896878,-68.3493730162308
1,0.0171476250164948,-68.6207673268788
1,0.0171476250164948,-68.6207673268788
1,0.0171476250164948,-68.6207673268788
1,0.0175600169905345,-68.7519382677705
1,0.0125185108534014,-68.4413915089982
1,0.0125185108534014,-68.4413915089982
1,0.0125185108534014,-68.4413915089982
1,0.0168938541846634,-68.5477649274547
1,0.0131463826938156,-68.296691309164
1,0.0131463826938156,-68.296691309164
1,0.0131463826938156,-68.296691309164
1,0.0131463826938156,-68.296691309164
1,0.0203837090344047,-70.0175280269851
1,0.0106857069613592,-69.280853915824
1,0.0106857069613592,-69.280853915824
1,0.0194097978299261,-69.5142850701036
1,0.0194097978299261,-69.5142850701036
1,0.0194097978299261,-69.5142850701036
1,0.0139714306426877,-68.1993968995322
1,0.0139714306426877,-68.1993968995322
1,0.0139714306426877,-68.1993968995322
1,0.0139714306426877,-68.1993968995322
1,0.0105539601178565,-69.3689194793455
1,0.0161102105450236,-68.3616258043082
1,0.0161102105450236,-68.3616258043082
1,0.0161102105450236,-68.3616258043082
1,0.0161102105450236,-68.3616258043082
1,0.0161102105450236,-68.3616258043082
1,0.0161102105450236,-68.3616258043082
1,0.0161102105450236,-68.3616258043082
1,0.0161102105450236,-68.3616258043082
1,0.0161102105450236,-68.3616258043082
1,0.0161102105450236,-68.3616258043082
1,0.011681149697757,-68.741441016338
1,0.011681149697757,-68.741441016338
1,0.011681149697757,-68.741441016338
1,0.011681149697757,-68.741441016338
1,0.0183895737881206,-69.0602264367264
1,0.0183895737881206,-69.0602264367264
1,0.0183895737881206,-69.0602264367264
1,0.0183895737881206,-69.0602264367264
1,0.0183895737881206,-69.0602264367264
1,0.0183895737881206,-69.0602264367264
1,0.0183895737881206,-69.0602264367264
1,0.0183895737881206,-69.0602264367264
1,0.0183895737881206,-69.0602264367264
1,0.0129424586256182,-68.3366385267714
1,0.0129424586256182,-68.3366385267714
1,0.0129424586256182,-68.3366385267714
1,0.0190329781307594,-69.3374549769501
1,0.0190329781307594,-69.3374549769501
1,0.0212112931217345,-70.4938819183744
1,0.0212112931217345,-70.4938819183744
1,0.0174308012293638,-68.709202611439
1,0.0174308012293638,-68.709202611439
1,0.0174308012293638,-68.709202611439
1,0.0174308012293638,-68.709202611439
1,0.011449966293983,-68.8479230399545
1,0.011449966293983,-68.8479230399545
1,0.011449966293983,-68.8479230399545
1,0.0153211980464954,-68.2388457790876
1,0.0130355196177816,-68.3175896308414
1,0.0130355196177816,-68.3175896308414
1,0.0130355196177816,-68.3175896308414
1,0.0130355196177816,-68.3175896308414
1,0.0130355196177816,-68.3175896308414
1,0.0130355196177816,-68.3175896308414
1,0.0130355196177816,-68.3175896308414
1,0.0119926609341226,-68.6146144295883
1,0.0139715263016055,-68.1993913026786
1,0.0135381392210066,-68.238009930293
1,0.00737400888985342,-73.0902614478472
1,0.00737400888985342,-73.0902614478472
1,0.00992329398062825,-69.850689494882
1,0.00992329398062825,-69.850689494882
1,0.0233587852118305,-71.9144177708334
1,0.0233587852118305,-71.9144177708334
1,0.0127292815076348,-68.3855687861066
1,0.0140819551081704,-68.193769954672
1,0.0163226893856486,-68.406033920026
1,0.0163226893856486,-68.406033920026
1,0.0163226893856486,-68.406033920026
1,0.0163226893856486,-68.406033920026
1,0.01802880873083,-68.9191009797204
1,0.01802880873083,-68.9191009797204
1,0.01802880873083,-68.9191009797204
1,0.015629858936234,-68.2787408615933
1,0.015629858936234,-68.2787408615933
1,0.015629858936234,-68.2787408615933
1,0.015629858936234,-68.2787408615933
1,0.015629858936234,-68.2787408615933
1,0.0179265426634707,-68.8810443725034
1,0.0179265426634707,-68.8810443725034
1,0.0124468612239118,-68.4620983909921
1,0.0124468612239118,-68.4620983909921
1,0.0124468612239118,-68.4620983909921
1,0.0156680405417957,-68.284416318244
1,0.0160431818191433,-68.3485854978936
1,0.0160431818191433,-68.3485854978936
1,0.0160431818191433,-68.3485854978936
1,0.0160431818191433,-68.3485854978936
1,0.0160431818191433,-68.3485854978936
1,0.0180920530005878,-68.9430716664687
1,0.0163327245801767,-68.4082453667776
1,0.0163327245801767,-68.4082453667776
1,0.0163327245801767,-68.4082453667776
1,0.0163327245801767,-68.4082453667776
1,0.0189956844384032,-69.3205229702937
1,0.0189956844384032,-69.3205229702937
1,0.0189956844384032,-69.3205229702937
1,0.0189956844384032,-69.3205229702937
1,0.0189956844384032,-69.3205229702937
1,0.0189956844384032,-69.3205229702937
1,0.0189956844384032,-69.3205229702937
1,0.0189956844384032,-69.3205229702937
1,0.0189956844384032,-69.3205229702937
1,0.0189956844384032,-69.3205229702937
1,0.018246328006338,-69.0029240417596
1,0.0150737092298891,-68.21475340578
1,0.0150737092298891,-68.21475340578
1,0.0147384169693486,-68.1937707641439
1,0.0147384169693486,-68.1937707641439
1,0.0147384169693486,-68.1937707641439
1,0.0191862440957874,-69.4081245083107
1,0.0191862440957874,-69.4081245083107
1,0.0109659178173712,-69.1070731919167
1,0.0180273512703869,-68.9185524843704
1,0.0180273512703869,-68.9185524843704
1,0.0180273512703869,-68.9185524843704
1,0.0145044603674472,-68.1873703929379
1,0.0145044603674472,-68.1873703929379
1,0.0145044603674472,-68.1873703929379
1,0.0145044603674472,-68.1873703929379
1,0.0172559151348022,-68.6537296373803
1,0.0172559151348022,-68.6537296373803
1,0.0141223097339448,-68.1921313402675
1,0.0141223097339448,-68.1921313402675
1,0.0141223097339448,-68.1921313402675
1,0.0141223097339448,-68.1921313402675
1,0.0141223097339448,-68.1921313402675
1,0.0141223097339448,-68.1921313402675
1,0.0141223097339448,-68.1921313402675
1,0.0141068869198017,-68.1927314926674
1,0.0141068869198017,-68.1927314926674
1,0.0165140228379918,-68.4499412304564
1,0.0165397207490422,-68.4561163529755
1,0.0165397207490422,-68.4561163529755
1,0.0165397207490422,-68.4561163529755
1,0.0165397207490422,-68.4561163529755
1,0.0165397207490422,-68.4561163529755
1,0.0116793182645454,-68.7422424469932
1,0.0116793182645454,-68.7422424469932
1,0.0116793182645454,-68.7422424469932
1,0.0138384669110815,-68.2084077880552
1,0.0138384669110815,-68.2084077880552
1,0.0153736189167879,-68.2448607396391
1,0.0153736189167879,-68.2448607396391
1,0.0153736189167879,-68.2448607396391
1,0.0153736189167879,-68.2448607396391
1,0.0153736189167879,-68.2448607396391
1,0.0153736189167879,-68.2448607396391
1,0.0153736189167879,-68.2448607396391
1,0.0153736189167879,-68.2448607396391
1,0.0144789808826861,-68.1870935144663
1,0.0144789808826861,-68.1870935144663
1,0.0144789808826861,-68.1870935144663
1,0.0144789808826861,-68.1870935144663
1,0.0144789808826861,-68.1870935144663
1,0.0161387859977196,-68.3673274316952
1,0.0161387859977196,-68.3673274316952
1,0.011549662962768,-68.8006789183185
1,0.011549662962768,-68.8006789183185
1,0.011549662962768,-68.8006789183185
1,0.0129385900801237,-68.3374604719555
1,0.0129385900801237,-68.3374604719555
1,0.0129385900801237,-68.3374604719555
1,0.0129385900801237,-68.3374604719555
1,0.0129385900801237,-68.3374604719555
1,0.0129385900801237,-68.3374604719555
1,0.0129385900801237,-68.3374604719555
1,0.0129385900801237,-68.3374604719555
1,0.0135229780947696,-68.2398517528009
1,0.0135229780947696,-68.2398517528009
1,0.012883531306385,-68.3494210747268
1,0.0159122158893259,-68.3244700626276
1,0.0159122158893259,-68.3244700626276
1,0.0159122158893259,-68.3244700626276
1,0.0159122158893259,-68.3244700626276
1,0.0159122158893259,-68.3244700626276
1,0.0148667315091415,-68.200184118968
1,0.0148667315091415,-68.200184118968
1,0.0148667315091415,-68.200184118968
1,0.0148667315091415,-68.200184118968
1,0.0148667315091415,-68.200184118968
1,0.012980031814223,-68.3287806714616
1,0.00927080018824238,-70.4643271928681
1,0.0119238085787816,-68.6410444094509
1,0.0119238085787816,-68.6410444094509
1,0.0119238085787816,-68.6410444094509
1,0.019021506413853,-69.332235553179
1,0.0129668412648409,-68.331513434242
1,0.0129668412648409,-68.331513434242
1,0.0100441991025464,-69.7502864200863
1,0.0100441991025464,-69.7502864200863
1,0.0221291951130921,-71.0702009465229
1,0.0221291951130921,-71.0702009465229
1,0.0221291951130921,-71.0702009465229
1,0.0211212449454832,-70.4399985699732
1,0.0160777462211,-68.3552513260258
1,0.0160777462211,-68.3552513260258
1,0.0160777462211,-68.3552513260258
1,0.0111295946290444,-69.0137807031357
1,0.0111295946290444,-69.0137807031357
1,0.0111295946290444,-69.0137807031357
1,0.0185829571342819,-69.1401794086812
1,0.0185829571342819,-69.1401794086812
1,0.0192610968246409,-69.4432663500137
1,0.0192610968246409,-69.4432663500137
1,0.0200211590078513,-69.8226604669872
1,0.012951841560531,-68.3346549639112
1,0.012951841560531,-68.3346549639112
1,0.012951841560531,-68.3346549639112
1,0.012951841560531,-68.3346549639112
1,0.0173186782517604,-68.6733216333166
1,0.0179697875762483,-68.8970305993543
1,0.0179697875762483,-68.8970305993543
1,0.0179697875762483,-68.8970305993543
1,0.0179697875762483,-68.8970305993543
1,0.0179697875762483,-68.8970305993543
1,0.0179697875762483,-68.8970305993543
1,0.0179697875762483,-68.8970305993543
1,0.016516524230725,-68.450539437754
1,0.016516524230725,-68.450539437754
1,0.016516524230725,-68.450539437754
1,0.0161943893986354,-68.3786642480208
1,0.0173845901464228,-68.6942782363871
1,0.0173845901464228,-68.6942782363871
1,0.0173845901464228,-68.6942782363871
1,0.0173845901464228,-68.6942782363871
1,0.0173845901464228,-68.6942782363871
1,0.0173845901464228,-68.6942782363871
1,0.0173845901464228,-68.6942782363871
1,0.015638057639146,-68.2799459898173
1,0.015638057639146,-68.2799459898173
1,0.015638057639146,-68.2799459898173
1,0.015638057639146,-68.2799459898173
1,0.015638057639146,-68.2799459898173
1,0.015638057639146,-68.2799459898173
1,0.0108260253787662,-69.1915701927057
1,0.013211705888082,-68.2852786173216
1,0.0145558784132147,-68.1881825595008
1,0.0145558784132147,-68.1881825595008
1,0.0167770781091286,-68.5162077843754
1,0.0164437326513211,-68.433385331157
1,0.0122195863103335,-68.5337514877179
1,0.0136121585835688,-68.2295026342035
1,0.0136121585835688,-68.2295026342035
1,0.0125269457546208,-68.439012194097
1,0.0128337515161676,-68.3606592549873
1,0.0198306505933537,-69.723792381015
1,0.0130575858296148,-68.3132754063841
1,0.0139723448036215,-68.1993434651521
1,0.0139723448036215,-68.1993434651521
1,0.0139723448036215,-68.1993434651521
1,0.0139723448036215,-68.1993434651521
1,0.0194551433286179,-69.5362582442175
1,0.0194551433286179,-69.5362582442175
1,0.0138936664635439,-68.2043670589843
1,0.0138936664635439,-68.2043670589843
1,0.0138936664635439,-68.2043670589843
1,0.0138936664635439,-68.2043670589843
1,0.0103836328070925,-69.4890257700261
1,0.0103836328070925,-69.4890257700261
1,0.0201480401545637,-69.8898671198731
1,0.00866212515319524,-71.1572295075945
1,0.0227638608559168,-71.4961005144433
1,0.0227638608559168,-71.4961005144433
1,0.0227638608559168,-71.4961005144433
1,0.0115848054112291,-68.7845070236302
1,0.0115848054112291,-68.7845070236302
1,0.0115848054112291,-68.7845070236302
1,0.0115848054112291,-68.7845070236302
1,0.0115848054112291,-68.7845070236302
1,0.0115848054112291,-68.7845070236302
1,0.0115848054112291,-68.7845070236302
1,0.0119125286791942,-68.6454599137411
1,0.0119125286791942,-68.6454599137411
1,0.0119125286791942,-68.6454599137411
1,0.0119125286791942,-68.6454599137411
1,0.0119125286791942,-68.6454599137411
1,0.0104139329020525,-69.4671351769046
1,0.0104139329020525,-69.4671351769046
1,0.0104139329020525,-69.4671351769046
1,0.0148488471039749,-68.1991688005811
1,0.0148488471039749,-68.1991688005811
1,0.0148488471039749,-68.1991688005811
1,0.0148488471039749,-68.1991688005811
1,0.0148488471039749,-68.1991688005811
1,0.0133847157757027,-68.2582238575227
1,0.0133847157757027,-68.2582238575227
1,0.0188080664546767,-69.2369281666639
1,0.0188080664546767,-69.2369281666639
1,0.0188080664546767,-69.2369281666639
1,0.0188080664546767,-69.2369281666639
1,0.0188080664546767,-69.2369281666639
1,0.0188080664546767,-69.2369281666639
1,0.0160305640112227,-68.3461833207352
1,0.0160305640112227,-68.3461833207352
1,0.0160305640112227,-68.3461833207352
1,0.0160305640112227,-68.3461833207352
1,0.0160305640112227,-68.3461833207352
1,0.0160305640112227,-68.3461833207352
1,0.0160305640112227,-68.3461833207352
1,0.0160305640112227,-68.3461833207352
1,0.0160305640112227,-68.3461833207352
1,0.0146044691565152,-68.1892597437281
1,0.0146044691565152,-68.1892597437281
1,0.0176980013002022,-68.7991876376589
1,0.0176980013002022,-68.7991876376589
1,0.0176980013002022,-68.7991876376589
1,0.0176980013002022,-68.7991876376589
1,0.0176980013002022,-68.7991876376589
1,0.0176980013002022,-68.7991876376589
1,0.0176980013002022,-68.7991876376589
1,0.0176980013002022,-68.7991876376589
1,0.0148818621143317,-68.2010736167174
1,0.0154215627970015,-68.250636899087
1,0.0154215627970015,-68.250636899087
1,0.0152513071224379,-68.2313182481016
1,0.0152513071224379,-68.2313182481016
1,0.0152513071224379,-68.2313182481016
1,0.0152513071224379,-68.2313182481016
1,0.0124433557911779,-68.4631343413647
1,0.0124433557911779,-68.4631343413647
1,0.0124433557911779,-68.4631343413647
1,0.0124433557911779,-68.4631343413647
1,0.0124433557911779,-68.4631343413647
1,0.0124433557911779,-68.4631343413647
1,0.0124433557911779,-68.4631343413647
1,0.0141639562899754,-68.190671418133
1,0.0141639562899754,-68.190671418133
1,0.0141639562899754,-68.190671418133
1,0.0141639562899754,-68.190671418133
1,0.0141639562899754,-68.190671418133
1,0.0141639562899754,-68.190671418133
1,0.0141639562899754,-68.190671418133
1,0.0141639562899754,-68.190671418133
1,0.0141639562899754,-68.190671418133
1,0.0141639562899754,-68.190671418133
1,0.0141639562899754,-68.190671418133
1,0.016024144354433,-68.3449675657149
1,0.016024144354433,-68.3449675657149
1,0.016024144354433,-68.3449675657149
1,0.0130582155864076,-68.3131534138744
1,0.0178462769446437,-68.8517898053327
1,0.0178462769446437,-68.8517898053327
1,0.0101191061598326,-69.6900503095638
1,0.0151716669275909,-68.2234321526317
1,0.0151716669275909,-68.2234321526317
1,0.0151716669275909,-68.2234321526317
1,0.0150520762808833,-68.2129899892208
1,0.0150520762808833,-68.2129899892208
1,0.0150520762808833,-68.2129899892208
1,0.0150520762808833,-68.2129899892208
1,0.0150520762808833,-68.2129899892208
1,0.0150520762808833,-68.2129899892208
1,0.0150520762808833,-68.2129899892208
1,0.0150520762808833,-68.2129899892208
1,0.0150520762808833,-68.2129899892208
1,0.0150520762808833,-68.2129899892208
1,0.0150520762808833,-68.2129899892208
1,0.0150520762808833,-68.2129899892208
1,0.0150520762808833,-68.2129899892208
1,0.0150520762808833,-68.2129899892208
1,0.0150520762808833,-68.2129899892208
1,0.0150520762808833,-68.2129899892208
1,0.0150520762808833,-68.2129899892208
1,0.0144044878264877,-68.1867646789071
1,0.0144044878264877,-68.1867646789071
1,0.0144044878264877,-68.1867646789071
1,0.0144044878264877,-68.1867646789071
1,0.0144044878264877,-68.1867646789071
1,0.0144044878264877,-68.1867646789071
1,0.0144044878264877,-68.1867646789071
1,0.0168193180237372,-68.5274724894797
1,0.0168193180237372,-68.5274724894797
1,0.0168193180237372,-68.5274724894797
1,0.0173999702802976,-68.6992242876262
1,0.0173999702802976,-68.6992242876262
1,0.0126147671781828,-68.4149637241511
1,0.0126147671781828,-68.4149637241511
1,0.0126147671781828,-68.4149637241511
1,0.0188842237871962,-69.2705397732491
1,0.0188842237871962,-69.2705397732491
1,0.0214973003015445,-70.6682314818345
1,0.0214973003015445,-70.6682314818345
1,0.0214973003015445,-70.6682314818345
1,0.00929609964940206,-70.438157345854
1,0.0190789318684158,-69.3584613216187
1,0.00978470178973583,-69.9707172362753
1,0.00978470178973583,-69.9707172362753
1,0.0193652092914976,-69.4928223887849
1,0.0206483958792517,-70.1652071662673
1,0.0195126602503281,-69.5643402828594
1,0.0195126602503281,-69.5643402828594
1,0.0195126602503281,-69.5643402828594
1,0.0169556951628896,-68.565000238272
1,0.00934775703412465,-70.3853426370815
1,0.016603332798903,-68.4716820504453
1,0.016603332798903,-68.4716820504453
1,0.0128141874491694,-68.3651870206657
1,0.0128141874491694,-68.3651870206657
1,0.0151019680120664,-68.2171406722549
1,0.0151019680120664,-68.2171406722549
1,0.0151019680120664,-68.2171406722549
1,0.0151019680120664,-68.2171406722549
1,0.0151019680120664,-68.2171406722549
1,0.0151019680120664,-68.2171406722549
1,0.0151019680120664,-68.2171406722549
1,0.0151019680120664,-68.2171406722549
1,0.0122459272436386,-68.5249749693719
1,0.0122459272436386,-68.5249749693719
1,0.0122459272436386,-68.5249749693719
1,0.00908771272543952,-70.6597752995762
1,0.00898388962939278,-70.7754494317396
1,0.00898388962939278,-70.7754494317396
1,0.0187247843957416,-69.2006789836485
1,0.014345436189065,-68.1870167393488
1,0.014345436189065,-68.1870167393488
1,0.014345436189065,-68.1870167393488
1,0.014345436189065,-68.1870167393488
1,0.014345436189065,-68.1870167393488
1,0.014345436189065,-68.1870167393488
1,0.014345436189065,-68.1870167393488
1,0.014345436189065,-68.1870167393488
1,0.0126205595162098,-68.4134237881361
1,0.0126205595162098,-68.4134237881361
1,0.0126205595162098,-68.4134237881361
1,0.0126205595162098,-68.4134237881361
1,0.0126205595162098,-68.4134237881361
1,0.0126205595162098,-68.4134237881361
1,0.0126205595162098,-68.4134237881361
1,0.0126205595162098,-68.4134237881361
1,0.018920339975749,-69.2866331683164
